timestamp,location_id,traffic_volume,avg_vehicle_speed,vehicle_count_cars,vehicle_count_trucks,vehicle_count_bikes,weather_condition,temperature,humidity,accident_reported,signal_status
2024-01-01 00:00:00,4,504,53.12416188,142,24,44,Cloudy,33.33438748,36.39069822,0,Red
2024-01-01 00:01:00,5,209,44.94785004,862,50,23,Cloudy,17.92683047,37.64092658,0,Green
2024-01-01 00:02:00,3,572,63.179229,317,12,10,Windy,33.48337539,84.26261002,1,Red
2024-01-01 00:03:00,5,699,42.26969689,709,43,21,Sunny,19.21294145,61.55097818,0,Yellow
2024-01-01 00:04:00,5,639,72.1857906,594,34,14,Cloudy,11.34924404,77.49450578,0,Red
2024-01-01 00:05:00,2,126,63.82978166,503,54,9,Foggy,29.07423472,36.91747559,1,Red
2024-01-01 00:06:00,3,558,58.86279026,184,86,40,Windy,27.5877036,85.65856233,0,Red
2024-01-01 00:07:00,3,490,67.77443573,718,8,26,Foggy,24.94777481,79.26852549,0,Yellow
2024-01-01 00:08:00,3,303,65.2413821,402,1,8,Foggy,22.24734361,43.48584869,0,Yellow
2024-01-01 00:09:00,5,970,22.1563205,228,60,27,Cloudy,10.80413176,82.450934,0,Yellow
2024-01-01 00:10:00,4,819,43.68406123,758,40,0,Foggy,25.61493129,45.80656556,0,Green
2024-01-01 00:11:00,3,369,75.84843784,451,43,16,Sunny,20.42086538,42.32039276,0,Red
2024-01-01 00:12:00,5,852,27.54345614,408,63,30,Foggy,24.00523507,45.85463621,0,Yellow
2024-01-01 00:13:00,2,312,64.22579303,579,30,43,Cloudy,20.73303355,84.5973038,1,Green
2024-01-01 00:14:00,4,646,78.47550868,243,46,9,Foggy,34.15140332,84.93551913,0,Yellow
2024-01-01 00:15:00,2,707,23.13191774,22,1,36,Windy,25.10272253,49.73974648,0,Red
2024-01-01 00:16:00,4,884,60.93163284,391,95,28,Windy,28.73090827,72.32605111,0,Green
2024-01-01 00:17:00,5,603,48.08924848,706,81,17,Windy,33.40867369,70.54471531,0,Yellow
2024-01-01 00:18:00,1,423,54.75051532,465,76,46,Rainy,24.78998307,78.39375793,0,Yellow
2024-01-01 00:19:00,4,686,25.12048019,630,68,37,Windy,10.30156295,47.79057001,0,Green
2024-01-01 00:20:00,2,216,22.58041711,135,57,38,Windy,10.85729196,60.60831251,0,Green
2024-01-01 00:21:00,5,986,60.01199963,289,43,48,Rainy,27.55846085,70.06043706,0,Green
2024-01-01 00:22:00,4,802,69.39856579,466,73,5,Windy,16.9771284,31.57540913,0,Green
2024-01-01 00:23:00,1,508,66.9209201,387,55,39,Cloudy,24.48449318,52.60432472,0,Green
2024-01-01 00:24:00,1,329,52.62834367,272,42,11,Windy,15.05692953,71.75330146,0,Yellow
2024-01-01 00:25:00,3,749,25.99200927,336,88,13,Windy,16.75622188,45.15570559,0,Green
2024-01-01 00:26:00,3,351,61.28266663,434,33,43,Rainy,22.6160264,87.46224642,0,Green
2024-01-01 00:27:00,2,580,34.51333301,114,29,9,Cloudy,34.38923658,31.80968229,0,Red
2024-01-01 00:28:00,4,629,74.66412217,804,70,19,Foggy,25.40676223,87.48523126,0,Yellow
2024-01-01 00:29:00,4,267,70.29592157,43,69,14,Sunny,33.40370261,43.00583208,0,Red
2024-01-01 00:30:00,3,151,62.56297803,647,54,30,Cloudy,33.98449636,32.92932252,0,Yellow
2024-01-01 00:31:00,4,603,76.93075735,682,66,6,Foggy,15.20274991,47.54844199,0,Yellow
2024-01-01 00:32:00,4,337,21.88530929,869,12,40,Cloudy,17.77984006,77.17693844,0,Yellow
2024-01-01 00:33:00,1,216,64.1720255,69,2,9,Foggy,29.24980703,75.14652039,0,Green
2024-01-01 00:34:00,3,670,39.81456676,521,25,9,Foggy,31.66910006,42.53042499,0,Red
2024-01-01 00:35:00,5,85,74.36395314,737,56,47,Cloudy,22.9806686,41.80740802,0,Yellow
2024-01-01 00:36:00,3,793,36.0005118,517,23,38,Rainy,34.83065168,68.55479495,0,Yellow
2024-01-01 00:37:00,5,790,63.49138996,354,52,27,Cloudy,10.28930497,57.48496138,0,Yellow
2024-01-01 00:38:00,1,402,72.65882118,98,69,29,Cloudy,17.48981639,77.5373972,0,Red
2024-01-01 00:39:00,2,725,22.4994091,601,42,36,Foggy,25.57904384,31.44796672,0,Yellow
2024-01-01 00:40:00,4,948,43.85885478,46,59,2,Sunny,21.73224777,66.62471165,0,Red
2024-01-01 00:41:00,1,122,65.73854192,290,57,49,Foggy,12.91507416,73.84032073,0,Red
2024-01-01 00:42:00,4,697,47.29513337,581,48,42,Windy,19.19467714,89.60316672,0,Green
2024-01-01 00:43:00,2,402,36.03515779,823,41,14,Cloudy,10.63617858,70.72690165,0,Yellow
2024-01-01 00:44:00,2,940,33.18832093,266,75,20,Cloudy,26.06865115,43.91070939,0,Yellow
2024-01-01 00:45:00,1,119,27.89109601,795,99,36,Rainy,32.31856357,36.49117169,0,Red
2024-01-01 00:46:00,2,474,71.42777359,610,65,11,Foggy,32.12185309,68.45500648,0,Red
2024-01-01 00:47:00,5,757,54.5213242,406,10,3,Rainy,27.48861184,61.39098405,0,Green
2024-01-01 00:48:00,2,830,24.5830967,721,97,46,Cloudy,21.64425489,83.94871731,0,Yellow
2024-01-01 00:49:00,4,610,42.95481941,578,89,8,Foggy,22.80079047,73.59648127,0,Red
2024-01-01 00:50:00,4,877,42.06401905,380,17,38,Foggy,13.4229706,60.584547,0,Yellow
2024-01-01 00:51:00,4,691,30.90435144,885,84,41,Windy,18.52542733,54.21536825,0,Yellow
2024-01-01 00:52:00,4,566,46.13045753,507,99,27,Windy,14.69320189,54.26248197,0,Yellow
2024-01-01 00:53:00,5,477,39.92596192,371,51,22,Sunny,30.53000508,43.57825717,0,Red
2024-01-01 00:54:00,3,588,40.50822233,720,45,44,Windy,32.86884753,31.03955831,0,Yellow
2024-01-01 00:55:00,1,209,64.34159347,275,43,39,Foggy,23.42308154,64.49463529,0,Red
2024-01-01 00:56:00,4,198,33.39580313,241,21,43,Windy,28.19410101,42.74488395,0,Green
2024-01-01 00:57:00,2,825,58.51159753,772,52,21,Sunny,13.03661927,42.49961506,0,Green
2024-01-01 00:58:00,4,279,54.23897743,800,58,23,Cloudy,25.21336608,37.52287372,0,Red
2024-01-01 00:59:00,2,761,54.08555074,20,93,25,Windy,27.56977553,41.37572941,0,Yellow
2024-01-01 01:00:00,2,611,59.78044077,565,29,29,Foggy,21.31920324,31.90734897,0,Green
2024-01-01 01:01:00,4,116,52.90292217,465,7,32,Cloudy,16.08182711,70.45388698,0,Green
2024-01-01 01:02:00,5,861,72.75530689,98,97,15,Foggy,31.93436301,54.08382698,0,Red
2024-01-01 01:03:00,2,430,60.53480552,255,56,21,Cloudy,28.572718,63.69147593,0,Red
2024-01-01 01:04:00,2,107,52.81779508,353,72,48,Foggy,32.49643205,68.21745708,0,Red
2024-01-01 01:05:00,4,308,69.78578722,368,19,49,Windy,30.46006619,88.34907374,0,Red
2024-01-01 01:06:00,2,391,56.3687939,117,24,42,Windy,34.75936074,34.09595195,0,Red
2024-01-01 01:07:00,2,887,37.46865487,101,18,17,Sunny,14.80431833,55.07506109,0,Red
2024-01-01 01:08:00,4,179,32.42569509,521,4,6,Cloudy,12.1686942,44.75387601,0,Red
2024-01-01 01:09:00,4,776,29.13966714,496,74,49,Sunny,18.42506978,58.60271591,0,Yellow
2024-01-01 01:10:00,1,221,73.96731275,723,78,25,Rainy,13.22510438,85.22833804,0,Yellow
2024-01-01 01:11:00,5,819,62.60812591,784,71,7,Windy,23.07825282,73.43905591,0,Yellow
2024-01-01 01:12:00,5,663,76.24270629,569,82,5,Cloudy,25.82572264,69.71697519,0,Yellow
2024-01-01 01:13:00,2,258,56.19750834,33,86,29,Sunny,24.45721538,56.47475259,0,Green
2024-01-01 01:14:00,5,852,48.40405289,411,26,38,Sunny,16.48100338,70.2667499,0,Yellow
2024-01-01 01:15:00,2,403,23.58298934,366,39,22,Rainy,32.72060077,31.94252264,0,Green
2024-01-01 01:16:00,1,520,60.29853689,329,95,31,Sunny,10.52930909,65.17432032,0,Green
2024-01-01 01:17:00,4,847,54.93252559,405,25,21,Foggy,18.70033384,63.22659376,0,Green
2024-01-01 01:18:00,4,165,79.41253362,228,26,41,Windy,27.97481188,50.79842592,1,Red
2024-01-01 01:19:00,4,313,34.34952667,376,61,42,Sunny,29.17322316,42.09084753,0,Green
2024-01-01 01:20:00,5,711,51.84424132,620,82,44,Sunny,20.40296361,78.45333306,0,Green
2024-01-01 01:21:00,1,861,59.05744011,587,49,8,Rainy,10.42274533,33.23172687,0,Green
2024-01-01 01:22:00,5,491,58.67547048,113,41,30,Foggy,25.45109198,34.18037187,0,Red
2024-01-01 01:23:00,5,597,53.67761258,112,28,6,Sunny,11.57736703,56.43130464,0,Yellow
2024-01-01 01:24:00,1,502,66.61568062,359,38,8,Windy,12.6963944,45.15327284,0,Yellow
2024-01-01 01:25:00,1,894,32.29887257,616,59,12,Windy,26.25626799,74.72714481,0,Green
2024-01-01 01:26:00,1,526,63.53763202,464,40,2,Sunny,17.81220815,68.05140462,0,Green
2024-01-01 01:27:00,1,336,57.18407429,776,32,34,Foggy,18.70075382,76.35208777,0,Yellow
2024-01-01 01:28:00,4,352,73.76450671,41,82,32,Windy,22.17017692,49.48073738,0,Yellow
2024-01-01 01:29:00,3,360,70.83166634,310,82,20,Windy,34.46445987,74.43113638,0,Yellow
2024-01-01 01:30:00,3,257,38.90882235,504,96,30,Foggy,34.13605552,81.73819416,0,Yellow
2024-01-01 01:31:00,1,667,36.5742395,803,15,33,Foggy,20.40652498,50.71646967,0,Green
2024-01-01 01:32:00,3,495,78.89919943,325,22,31,Sunny,16.63748043,50.39374927,0,Green
2024-01-01 01:33:00,3,719,51.63591085,653,6,34,Cloudy,17.56480382,83.99708423,1,Green
2024-01-01 01:34:00,1,682,74.38525783,147,25,14,Rainy,16.71953245,32.98741519,0,Yellow
2024-01-01 01:35:00,3,104,29.83286143,644,95,31,Cloudy,23.30614518,51.01136434,0,Red
2024-01-01 01:36:00,5,961,58.56913489,292,11,5,Cloudy,25.1714952,37.12034952,0,Yellow
2024-01-01 01:37:00,2,61,68.59161124,867,71,44,Windy,22.21948471,31.73883541,0,Yellow
2024-01-01 01:38:00,2,706,76.84371498,461,4,20,Foggy,20.19985906,36.77216506,0,Red
2024-01-01 01:39:00,1,449,40.24040846,522,91,32,Windy,15.28212594,55.87474747,0,Red
2024-01-01 01:40:00,4,957,63.4988702,149,68,31,Rainy,22.06263978,71.21736415,0,Yellow
2024-01-01 01:41:00,1,697,52.32878054,151,48,18,Sunny,18.52756785,47.35694547,0,Red
2024-01-01 01:42:00,4,564,23.63773556,616,25,32,Rainy,23.53988657,80.98051844,0,Red
2024-01-01 01:43:00,2,705,61.39998424,501,4,27,Windy,26.87973539,56.25693772,0,Red
2024-01-01 01:44:00,1,591,61.40579349,881,21,30,Windy,25.83280436,88.09368306,0,Yellow
2024-01-01 01:45:00,5,286,75.83640829,409,78,20,Windy,21.56225526,87.24934017,0,Yellow
2024-01-01 01:46:00,3,328,49.83874677,612,12,33,Windy,23.90131061,76.39657336,0,Red
2024-01-01 01:47:00,4,397,33.81505524,344,27,14,Cloudy,17.12140327,85.94432977,0,Green
2024-01-01 01:48:00,3,676,22.67382941,88,32,13,Sunny,10.60600648,72.42576457,0,Red
2024-01-01 01:49:00,3,153,44.9385312,679,22,18,Cloudy,25.62548635,83.7349914,0,Red
2024-01-01 01:50:00,1,679,38.115002,467,96,42,Windy,16.31421398,44.18842304,0,Yellow
2024-01-01 01:51:00,3,566,65.66529836,547,17,14,Foggy,26.72384275,50.72521201,0,Green
2024-01-01 01:52:00,5,921,41.25606589,838,29,5,Cloudy,28.67521249,75.17580396,0,Red
2024-01-01 01:53:00,3,297,76.94427178,636,25,8,Windy,32.89819365,55.47367429,0,Green
2024-01-01 01:54:00,1,413,77.73861218,184,15,36,Windy,33.95306989,80.23964603,0,Yellow
2024-01-01 01:55:00,5,370,57.25451541,507,76,19,Sunny,10.26315116,82.6583323,0,Green
2024-01-01 01:56:00,2,682,75.71961722,732,38,33,Rainy,34.75935523,47.98376908,0,Yellow
2024-01-01 01:57:00,3,335,65.65126067,728,32,37,Cloudy,27.07545796,79.40704849,0,Red
2024-01-01 01:58:00,1,198,52.81157846,445,25,25,Cloudy,26.08810401,39.25585626,0,Yellow
2024-01-01 01:59:00,2,133,30.81847613,716,47,17,Cloudy,10.38032738,50.05180269,0,Green
2024-01-01 02:00:00,2,455,47.51587661,853,64,27,Windy,31.5308353,61.07789707,1,Green
2024-01-01 02:01:00,4,505,53.6524678,284,37,8,Sunny,13.63728618,43.58662573,0,Green
2024-01-01 02:02:00,5,792,71.83769484,894,1,31,Windy,30.93325385,64.75606977,0,Red
2024-01-01 02:03:00,3,849,48.88000259,631,5,5,Windy,10.38906366,64.72170472,0,Green
2024-01-01 02:04:00,1,210,73.86048036,361,45,13,Foggy,26.14910656,42.41417369,0,Green
2024-01-01 02:05:00,4,833,60.46093874,851,49,27,Sunny,20.87003834,77.73848069,0,Green
2024-01-01 02:06:00,5,509,28.21994378,745,37,23,Cloudy,15.01916823,67.89866936,0,Yellow
2024-01-01 02:07:00,4,599,79.69888216,297,87,12,Rainy,12.68903479,49.06563041,0,Green
2024-01-01 02:08:00,5,549,51.63395965,693,17,42,Cloudy,21.00319241,43.93108701,0,Yellow
2024-01-01 02:09:00,5,787,43.51149778,458,26,11,Windy,13.08264513,82.72500833,0,Green
2024-01-01 02:10:00,3,558,59.54682587,176,40,18,Sunny,22.16116529,80.14453471,0,Yellow
2024-01-01 02:11:00,5,703,26.53359884,441,71,20,Sunny,25.63042647,43.78564049,0,Yellow
2024-01-01 02:12:00,4,853,58.19231881,270,91,26,Sunny,30.68460484,32.13631359,0,Red
2024-01-01 02:13:00,5,530,49.89416003,897,73,18,Foggy,26.96623593,78.27195574,0,Red
2024-01-01 02:14:00,3,712,44.4004442,628,16,23,Cloudy,11.62999417,66.93051332,0,Yellow
2024-01-01 02:15:00,3,163,77.18120127,549,61,25,Foggy,17.68581331,36.05292168,0,Yellow
2024-01-01 02:16:00,4,798,51.352383,346,28,44,Rainy,17.1994652,65.24149237,0,Red
2024-01-01 02:17:00,2,627,33.14704877,116,57,27,Windy,32.87581059,57.13096112,0,Yellow
2024-01-01 02:18:00,2,410,47.53780876,532,69,45,Foggy,31.69455111,76.47301965,0,Red
2024-01-01 02:19:00,5,390,75.16324427,235,77,17,Foggy,19.25369796,42.54509053,0,Red
2024-01-01 02:20:00,1,819,30.56572828,151,21,43,Windy,11.7788814,57.18940466,0,Green
2024-01-01 02:21:00,5,810,32.83742232,279,5,35,Sunny,32.35268295,39.37464686,0,Green
2024-01-01 02:22:00,4,498,20.78177407,144,25,41,Windy,32.20474882,87.45163367,0,Red
2024-01-01 02:23:00,4,892,20.85140296,101,38,28,Cloudy,31.3686533,76.72428942,1,Red
2024-01-01 02:24:00,4,884,69.76349762,302,11,16,Windy,31.12704094,74.20334559,0,Yellow
2024-01-01 02:25:00,4,229,63.92735641,702,98,3,Sunny,22.00635003,71.4123999,0,Red
2024-01-01 02:26:00,4,751,41.30246339,78,13,43,Windy,14.43579131,55.40018655,0,Red
2024-01-01 02:27:00,3,456,61.89866943,563,21,44,Foggy,21.93720126,85.39694494,0,Green
2024-01-01 02:28:00,2,715,43.71235558,180,50,28,Rainy,22.36494427,34.37502072,0,Red
2024-01-01 02:29:00,4,245,77.17380776,303,22,3,Foggy,22.24829383,78.1955443,0,Yellow
2024-01-01 02:30:00,1,515,78.02316089,125,47,9,Rainy,23.46931465,42.91396393,0,Red
2024-01-01 02:31:00,1,360,43.56762655,124,70,24,Windy,16.44142557,49.44167734,0,Green
2024-01-01 02:32:00,1,311,71.25331438,458,49,30,Cloudy,19.15602953,61.16578374,0,Green
2024-01-01 02:33:00,1,468,66.3853425,247,88,2,Windy,20.8546648,76.95930066,0,Green
2024-01-01 02:34:00,3,455,38.59999623,719,12,46,Sunny,13.27803024,80.31209446,0,Green
2024-01-01 02:35:00,1,988,33.92238973,601,84,1,Windy,21.38410336,65.02393501,0,Red
2024-01-01 02:36:00,4,192,47.49407902,337,9,24,Rainy,30.26174043,54.18212934,0,Yellow
2024-01-01 02:37:00,5,391,66.88093044,483,54,48,Foggy,30.70148857,86.79014528,0,Yellow
2024-01-01 02:38:00,1,365,77.61006708,821,8,5,Cloudy,20.2890943,44.79127775,0,Yellow
2024-01-01 02:39:00,3,150,65.81474413,618,78,25,Windy,22.9702078,78.18567455,0,Red
2024-01-01 02:40:00,3,293,71.3124191,893,51,7,Windy,10.8412583,66.72297729,0,Red
2024-01-01 02:41:00,1,539,56.18385837,491,1,34,Foggy,26.86081391,52.61370101,0,Red
2024-01-01 02:42:00,5,61,70.12446985,75,24,26,Cloudy,20.11514707,30.08207906,0,Yellow
2024-01-01 02:43:00,1,288,67.06525148,644,12,24,Windy,21.13694208,56.79595808,0,Red
2024-01-01 02:44:00,3,610,42.61913252,32,97,17,Windy,31.84181818,46.60319985,0,Red
2024-01-01 02:45:00,2,91,53.11941813,459,50,0,Rainy,21.54586086,36.2607968,0,Green
2024-01-01 02:46:00,4,727,68.28518732,37,57,47,Rainy,10.52980616,34.50951392,0,Green
2024-01-01 02:47:00,3,643,22.76340405,713,33,38,Sunny,15.68727227,50.85349964,0,Yellow
2024-01-01 02:48:00,1,478,68.48475694,132,34,2,Foggy,21.89051536,66.88544332,0,Green
2024-01-01 02:49:00,4,852,30.67328744,248,2,3,Cloudy,20.60990732,80.25115892,1,Green
2024-01-01 02:50:00,1,207,50.88101703,190,58,40,Windy,31.50925343,41.0137947,0,Green
2024-01-01 02:51:00,1,265,68.49652637,314,69,36,Windy,23.55343773,55.47863828,0,Red
2024-01-01 02:52:00,2,719,35.22926469,208,47,14,Sunny,27.24089355,53.51736841,0,Green
2024-01-01 02:53:00,4,511,34.74844636,445,63,7,Windy,21.73308243,60.80364055,0,Green
2024-01-01 02:54:00,4,183,44.16586391,98,18,37,Foggy,20.99139335,78.57523625,0,Green
2024-01-01 02:55:00,2,116,73.67856785,677,66,49,Sunny,21.15716671,63.21871308,1,Red
2024-01-01 02:56:00,3,897,20.02656689,201,81,18,Foggy,20.27303924,80.79929481,0,Yellow
2024-01-01 02:57:00,1,56,74.0829858,518,72,46,Sunny,23.46458465,61.11310536,1,Red
2024-01-01 02:58:00,5,997,29.22842148,817,75,25,Windy,16.26108504,66.23084191,0,Red
2024-01-01 02:59:00,1,575,79.40518256,781,4,38,Sunny,32.27637985,56.24299455,0,Green
2024-01-01 03:00:00,1,122,77.29081958,885,66,9,Rainy,18.3271387,79.38573482,0,Yellow
2024-01-01 03:01:00,3,448,49.68051138,845,10,37,Cloudy,13.68809585,85.42963238,0,Green
2024-01-01 03:02:00,1,454,50.76321487,727,93,13,Windy,12.41376196,68.34868429,0,Green
2024-01-01 03:03:00,2,724,48.89296042,854,67,48,Cloudy,10.33557288,79.24694695,0,Yellow
2024-01-01 03:04:00,2,627,58.12661874,90,68,40,Windy,20.57140196,33.54020004,0,Yellow
2024-01-01 03:05:00,4,908,25.44330213,267,0,18,Cloudy,14.69027471,84.36670509,0,Red
2024-01-01 03:06:00,5,179,21.9570769,165,90,29,Rainy,10.54119756,41.33550401,0,Yellow
2024-01-01 03:07:00,1,980,23.4621757,637,91,4,Cloudy,23.00048866,45.39122564,0,Red
2024-01-01 03:08:00,1,515,46.66192095,794,62,30,Sunny,26.99946372,33.19980409,0,Red
2024-01-01 03:09:00,3,255,36.53287635,315,28,6,Cloudy,12.14377627,87.92400702,0,Green
2024-01-01 03:10:00,2,837,57.32237374,601,81,18,Windy,21.52301932,81.12065097,0,Green
2024-01-01 03:11:00,5,817,79.54653736,489,11,30,Foggy,28.59071697,84.79107625,0,Green
2024-01-01 03:12:00,4,315,43.17939038,525,76,38,Cloudy,34.64517053,80.83297007,0,Yellow
2024-01-01 03:13:00,2,586,54.43047525,212,40,23,Cloudy,26.67975862,58.77183316,0,Yellow
2024-01-01 03:14:00,4,842,44.93623375,87,1,33,Cloudy,16.12098877,85.44491605,0,Red
2024-01-01 03:15:00,3,302,70.83630006,513,36,22,Windy,27.91384099,88.16836923,0,Red
2024-01-01 03:16:00,3,871,74.13418421,836,44,47,Cloudy,24.94823567,60.15401861,0,Red
2024-01-01 03:17:00,1,338,72.64133673,71,79,44,Windy,15.29498221,40.53748688,0,Yellow
2024-01-01 03:18:00,5,213,78.46233432,382,47,39,Windy,31.27777065,69.51735054,1,Red
2024-01-01 03:19:00,4,144,21.65115111,816,23,5,Foggy,20.68511068,88.52629739,0,Red
2024-01-01 03:20:00,2,831,70.38896973,493,98,37,Sunny,34.04944137,82.32881159,0,Yellow
2024-01-01 03:21:00,3,882,65.10633038,865,21,40,Windy,28.07252519,81.70891057,0,Green
2024-01-01 03:22:00,1,159,33.72166456,540,99,35,Rainy,26.11407887,86.02908101,0,Yellow
2024-01-01 03:23:00,1,385,77.3792056,782,10,26,Cloudy,28.20882094,83.63713563,0,Red
2024-01-01 03:24:00,4,871,28.89067569,450,57,10,Rainy,21.95242547,76.57689984,0,Green
2024-01-01 03:25:00,3,287,60.77299563,863,45,4,Cloudy,22.63066195,73.09636993,0,Yellow
2024-01-01 03:26:00,5,430,33.49341301,317,28,16,Foggy,31.28018464,45.88603042,1,Green
2024-01-01 03:27:00,3,485,45.88283893,454,34,6,Windy,27.02321342,67.28040129,0,Green
2024-01-01 03:28:00,4,948,63.14959382,715,14,26,Sunny,32.43108313,61.2893173,0,Red
2024-01-01 03:29:00,4,532,53.79947852,710,59,46,Windy,32.27066884,81.71664549,0,Yellow
2024-01-01 03:30:00,3,986,45.65010988,217,94,14,Cloudy,34.41225085,59.50275441,0,Red
2024-01-01 03:31:00,4,951,39.58030586,147,41,45,Sunny,27.50536647,37.66456581,0,Yellow
2024-01-01 03:32:00,3,74,70.37957934,551,42,12,Windy,22.55754294,30.29834912,0,Yellow
2024-01-01 03:33:00,2,702,28.62886102,430,79,10,Sunny,14.15779251,70.67238723,0,Yellow
2024-01-01 03:34:00,3,166,45.80617259,859,73,44,Cloudy,27.63451399,62.99450323,0,Green
2024-01-01 03:35:00,3,531,74.22545431,84,48,25,Foggy,17.28944292,49.85777426,0,Green
2024-01-01 03:36:00,4,441,70.75097303,713,63,21,Foggy,17.0736892,40.138329,0,Red
2024-01-01 03:37:00,4,966,44.05650575,260,31,27,Windy,15.95719441,58.00291934,0,Yellow
2024-01-01 03:38:00,1,586,65.78650182,388,63,23,Rainy,31.87805143,36.01718835,1,Yellow
2024-01-01 03:39:00,1,128,69.38964984,555,1,28,Cloudy,31.69911117,50.16650935,0,Green
2024-01-01 03:40:00,2,629,73.33324544,403,23,8,Windy,25.77426112,52.75271437,0,Yellow
2024-01-01 03:41:00,1,222,52.67034614,450,86,41,Windy,21.82452453,57.93712169,0,Red
2024-01-01 03:42:00,3,61,32.26765316,102,65,3,Foggy,26.8028615,57.99724508,0,Yellow
2024-01-01 03:43:00,4,849,35.31854459,850,37,48,Sunny,25.18073626,45.42033861,0,Yellow
2024-01-01 03:44:00,1,177,37.74168044,716,30,45,Cloudy,20.39335621,81.0126589,0,Green
2024-01-01 03:45:00,1,657,55.62814885,847,25,17,Sunny,19.49077169,51.33261038,0,Yellow
2024-01-01 03:46:00,2,141,21.96857745,630,28,42,Cloudy,19.5698577,43.77523853,0,Red
2024-01-01 03:47:00,2,702,58.16254813,593,66,15,Rainy,24.72833508,40.548593,0,Red
2024-01-01 03:48:00,3,592,41.86125431,305,77,32,Foggy,26.1917339,49.35470367,0,Red
2024-01-01 03:49:00,4,895,37.71450815,553,24,28,Rainy,21.29354384,34.05317298,0,Red
2024-01-01 03:50:00,2,581,72.76979424,478,47,38,Windy,34.21728626,31.97445138,0,Green
2024-01-01 03:51:00,1,707,47.60014373,231,64,9,Foggy,12.09614295,66.30853181,0,Yellow
2024-01-01 03:52:00,4,877,25.70318273,145,52,8,Windy,18.67617565,67.14882816,0,Green
2024-01-01 03:53:00,4,496,69.60480608,432,66,30,Rainy,20.47686708,61.77529216,0,Red
2024-01-01 03:54:00,1,439,22.85847545,518,89,27,Cloudy,10.42303359,75.73711171,0,Yellow
2024-01-01 03:55:00,2,721,63.60495345,444,17,2,Windy,19.12392969,32.34903266,0,Green
2024-01-01 03:56:00,1,910,66.43437331,573,8,13,Sunny,16.84274793,86.15838649,0,Yellow
2024-01-01 03:57:00,4,92,41.15615636,629,37,24,Cloudy,22.65090676,35.7039074,0,Red
2024-01-01 03:58:00,5,303,69.48727138,562,86,14,Cloudy,18.41026368,70.44137966,0,Red
2024-01-01 03:59:00,5,179,50.93956435,177,20,1,Rainy,28.15455337,38.00379534,0,Yellow
2024-01-01 04:00:00,3,109,47.7976192,131,64,23,Rainy,22.74831239,82.794326,0,Yellow
2024-01-01 04:01:00,1,712,22.72419689,421,20,13,Foggy,13.24405584,60.64279722,0,Red
2024-01-01 04:02:00,1,516,37.40175162,778,26,47,Foggy,28.7515331,34.93761246,0,Green
2024-01-01 04:03:00,3,336,75.86059825,141,69,6,Sunny,12.4807224,67.00344676,0,Red
2024-01-01 04:04:00,3,566,43.5094378,292,43,35,Cloudy,30.9762292,30.54659663,0,Yellow
2024-01-01 04:05:00,3,516,52.80203123,313,99,49,Sunny,33.28555485,76.56133071,0,Green
2024-01-01 04:06:00,4,979,51.92130074,417,27,23,Sunny,18.06113225,69.0350992,0,Red
2024-01-01 04:07:00,1,827,55.42586539,490,44,26,Rainy,33.15356583,42.75748496,0,Yellow
2024-01-01 04:08:00,4,394,23.67985734,226,16,36,Sunny,29.82520398,52.48505497,0,Yellow
2024-01-01 04:09:00,3,691,41.73057529,129,39,37,Sunny,33.06089028,30.46840167,1,Yellow
2024-01-01 04:10:00,1,431,63.38769643,459,2,29,Windy,26.65675342,71.6210289,0,Green
2024-01-01 04:11:00,4,828,32.03361506,297,75,26,Foggy,15.89110099,49.36008825,0,Green
2024-01-01 04:12:00,4,739,32.21470265,587,75,38,Foggy,32.36308092,64.29533492,0,Green
2024-01-01 04:13:00,3,302,20.6054364,588,65,14,Cloudy,14.6066269,87.40365767,0,Green
2024-01-01 04:14:00,1,976,46.2489156,501,45,25,Foggy,15.32651378,47.96800278,0,Yellow
2024-01-01 04:15:00,3,105,72.96406284,822,85,0,Cloudy,16.77657475,89.41427305,0,Yellow
2024-01-01 04:16:00,1,512,23.11405662,133,86,3,Windy,17.60615779,67.96370316,0,Green
2024-01-01 04:17:00,5,506,31.46712257,839,29,28,Foggy,22.86199105,44.52531998,0,Green
2024-01-01 04:18:00,2,132,38.6050723,872,68,0,Windy,27.83643401,56.20667298,0,Yellow
2024-01-01 04:19:00,2,954,63.90348419,496,8,42,Foggy,33.15520436,74.42718734,0,Red
2024-01-01 04:20:00,2,148,58.43813557,729,84,49,Foggy,12.21093968,56.78867446,0,Red
2024-01-01 04:21:00,3,198,44.95663427,340,10,45,Windy,33.85923406,34.11045404,0,Yellow
2024-01-01 04:22:00,5,378,65.54413636,198,68,21,Sunny,33.03307418,40.11621968,0,Green
2024-01-01 04:23:00,1,205,56.5778607,238,98,10,Sunny,11.3499823,77.47786475,0,Green
2024-01-01 04:24:00,4,239,73.76244798,808,90,9,Sunny,19.00802844,68.90238454,0,Yellow
2024-01-01 04:25:00,1,543,69.08160495,547,65,16,Sunny,30.32858476,64.18952864,0,Red
2024-01-01 04:26:00,4,932,35.16881637,511,87,35,Foggy,25.28941364,40.05731825,0,Yellow
2024-01-01 04:27:00,1,312,36.28631466,80,30,46,Rainy,29.47734858,80.26544672,0,Yellow
2024-01-01 04:28:00,5,129,27.52138855,73,32,25,Windy,27.97583347,87.64440658,0,Yellow
2024-01-01 04:29:00,4,449,40.21788354,699,38,47,Rainy,22.41925283,32.45322585,0,Green
2024-01-01 04:30:00,3,813,79.97263512,557,93,20,Rainy,11.03045115,34.68191224,0,Green
2024-01-01 04:31:00,1,658,44.34507012,867,45,12,Cloudy,24.60670505,83.0834702,0,Green
2024-01-01 04:32:00,1,309,33.22930608,84,36,8,Sunny,11.21416633,78.93313524,0,Red
2024-01-01 04:33:00,4,821,65.74897307,631,91,10,Foggy,25.09316794,67.07606733,0,Yellow
2024-01-01 04:34:00,3,664,52.54826021,605,59,10,Sunny,30.01027156,86.69791254,0,Yellow
2024-01-01 04:35:00,3,601,28.97608697,723,30,5,Sunny,24.62479372,68.78583468,0,Red
2024-01-01 04:36:00,5,834,42.84138087,190,10,0,Rainy,34.92554511,42.95911654,0,Green
2024-01-01 04:37:00,3,150,44.86818293,292,86,5,Cloudy,21.3966625,73.71853942,0,Yellow
2024-01-01 04:38:00,3,408,65.22978203,718,1,12,Sunny,28.72068659,68.74262068,0,Red
2024-01-01 04:39:00,3,429,21.24028213,554,26,21,Windy,26.68033229,89.14468212,0,Green
2024-01-01 04:40:00,2,869,36.14117881,410,98,30,Windy,34.78579229,42.83374418,0,Green
2024-01-01 04:41:00,5,270,51.05577808,712,1,21,Sunny,27.83047513,65.87309618,0,Yellow
2024-01-01 04:42:00,1,869,36.13080455,346,20,36,Rainy,14.10076829,76.81005133,0,Green
2024-01-01 04:43:00,4,469,57.70604285,127,57,46,Rainy,33.88794266,50.33898536,1,Red
2024-01-01 04:44:00,1,173,48.91204876,866,4,26,Foggy,26.69443066,52.78077499,0,Green
2024-01-01 04:45:00,5,471,41.70261529,181,51,49,Cloudy,11.48345577,83.2741103,0,Yellow
2024-01-01 04:46:00,4,280,76.95251761,833,44,13,Rainy,26.43920764,54.25169278,0,Red
2024-01-01 04:47:00,5,739,57.92956995,471,84,46,Foggy,32.07798517,67.48397111,0,Green
2024-01-01 04:48:00,3,112,27.79648234,225,92,4,Windy,24.42604655,83.35428825,0,Green
2024-01-01 04:49:00,4,534,53.60550185,609,19,35,Windy,18.85049095,42.58959499,0,Green
2024-01-01 04:50:00,3,677,66.84391119,35,60,31,Windy,30.52274085,88.91263778,0,Red
2024-01-01 04:51:00,1,752,62.50938185,346,37,33,Sunny,29.56280021,72.11721204,0,Green
2024-01-01 04:52:00,1,623,30.32535376,627,19,6,Cloudy,23.60455386,59.76730165,0,Yellow
2024-01-01 04:53:00,4,817,78.34519994,678,24,41,Foggy,13.85904425,55.85523386,0,Red
2024-01-01 04:54:00,4,532,46.92881874,21,1,47,Cloudy,16.27466214,87.26187693,0,Red
2024-01-01 04:55:00,5,568,29.54150022,29,31,9,Sunny,28.4620993,42.34348965,0,Green
2024-01-01 04:56:00,5,204,30.81174525,453,25,49,Foggy,30.15205413,48.70099541,0,Red
2024-01-01 04:57:00,3,141,25.89409953,144,69,16,Foggy,16.98163195,48.46756533,0,Yellow
2024-01-01 04:58:00,4,575,68.21108651,100,40,29,Rainy,19.19962693,47.34038008,0,Red
2024-01-01 04:59:00,1,504,27.32182966,504,66,20,Cloudy,11.94079713,58.11228271,0,Yellow
2024-01-01 05:00:00,5,790,27.50751543,671,96,12,Cloudy,27.83654871,89.350754,0,Green
2024-01-01 05:01:00,5,647,71.02829689,857,0,0,Rainy,10.08943862,83.327206,0,Red
2024-01-01 05:02:00,1,694,40.67624507,169,50,0,Windy,11.16353803,49.6769741,0,Yellow
2024-01-01 05:03:00,5,559,21.85147426,819,4,46,Sunny,10.10860169,55.37220694,0,Green
2024-01-01 05:04:00,3,232,23.11371797,892,12,32,Cloudy,26.13298958,70.16884478,0,Yellow
2024-01-01 05:05:00,4,435,28.5302268,359,18,37,Rainy,20.43467819,31.02910084,0,Red
2024-01-01 05:06:00,1,623,32.80360088,148,11,24,Foggy,17.43866903,79.20921952,0,Red
2024-01-01 05:07:00,4,780,59.90877165,457,47,25,Rainy,32.81752526,82.78788344,0,Yellow
2024-01-01 05:08:00,5,454,29.4395768,770,24,12,Windy,14.82006987,81.43202006,0,Green
2024-01-01 05:09:00,5,295,27.13246347,520,56,27,Sunny,19.73420026,52.50326321,0,Green
2024-01-01 05:10:00,1,791,65.88314849,77,34,32,Windy,33.50779502,57.71997044,0,Green
2024-01-01 05:11:00,3,640,60.26331703,217,75,36,Foggy,20.67766407,30.74329931,0,Green
2024-01-01 05:12:00,2,710,46.11945329,230,93,40,Foggy,23.86734214,53.96372088,0,Yellow
2024-01-01 05:13:00,1,699,52.95858629,64,4,29,Foggy,12.00842166,57.62560934,0,Red
2024-01-01 05:14:00,2,520,38.71904122,116,97,48,Foggy,29.75415967,84.41845758,0,Yellow
2024-01-01 05:15:00,2,875,48.95002521,298,21,47,Rainy,20.56896943,83.63926043,0,Red
2024-01-01 05:16:00,3,937,50.40035894,554,76,7,Foggy,30.01287811,87.96582385,0,Red
2024-01-01 05:17:00,2,472,43.23423627,429,56,48,Foggy,16.34494106,83.10629911,1,Yellow
2024-01-01 05:18:00,2,950,74.39433264,480,46,46,Rainy,20.56196876,30.49204257,0,Yellow
2024-01-01 05:19:00,3,114,20.9637119,410,53,0,Foggy,29.66372341,68.48765114,0,Green
2024-01-01 05:20:00,2,62,66.93027579,866,2,11,Windy,34.34694418,34.09426099,0,Red
2024-01-01 05:21:00,2,262,27.46296987,63,52,4,Windy,11.49063811,46.35565718,0,Green
2024-01-01 05:22:00,2,291,67.85284163,46,83,23,Cloudy,30.31140444,64.69845777,0,Green
2024-01-01 05:23:00,1,542,56.95471494,813,30,5,Windy,17.51722669,72.0368291,0,Yellow
2024-01-01 05:24:00,1,262,70.59668546,116,68,24,Sunny,23.76858202,69.27792156,0,Green
2024-01-01 05:25:00,1,742,25.85085954,567,87,0,Sunny,17.25230662,32.94350204,0,Green
2024-01-01 05:26:00,3,387,53.53883805,640,32,24,Sunny,25.33613681,36.21623217,0,Green
2024-01-01 05:27:00,5,222,50.06527282,586,71,0,Rainy,18.84507077,37.71520878,0,Yellow
2024-01-01 05:28:00,2,721,62.37159098,723,87,31,Windy,18.34037227,35.48486261,0,Green
2024-01-01 05:29:00,2,213,52.05743311,238,49,41,Sunny,10.94845782,40.6940654,0,Green
2024-01-01 05:30:00,3,514,52.44407403,204,83,41,Cloudy,13.67401015,71.30926748,0,Yellow
2024-01-01 05:31:00,2,546,45.77575661,88,15,2,Rainy,32.92695497,79.85023507,0,Yellow
2024-01-01 05:32:00,1,749,38.53006544,848,75,48,Cloudy,34.95693572,54.5288334,0,Yellow
2024-01-01 05:33:00,5,444,48.93586168,149,76,18,Windy,29.5130144,71.56689039,0,Red
2024-01-01 05:34:00,4,752,27.10954153,586,38,42,Foggy,17.17031562,42.00097568,0,Yellow
2024-01-01 05:35:00,2,966,77.69080034,628,88,28,Cloudy,20.06112846,88.3968091,0,Red
2024-01-01 05:36:00,1,357,62.86464582,867,45,49,Foggy,28.48758637,50.99985137,0,Yellow
2024-01-01 05:37:00,4,817,77.148027,618,95,1,Rainy,34.21283892,80.75201437,1,Yellow
2024-01-01 05:38:00,5,232,33.60364294,825,87,8,Cloudy,21.38677927,86.72198236,0,Yellow
2024-01-01 05:39:00,4,678,72.76046121,650,46,16,Cloudy,30.73806038,81.88283777,0,Red
2024-01-01 05:40:00,1,843,68.52739907,739,43,45,Rainy,34.37672306,34.02405909,0,Green
2024-01-01 05:41:00,4,559,60.62914475,353,8,35,Rainy,31.83682928,69.01842944,0,Yellow
2024-01-01 05:42:00,3,757,57.50175117,173,86,16,Sunny,15.67874367,37.20544239,0,Red
2024-01-01 05:43:00,4,595,38.99297992,566,49,48,Windy,10.2007966,30.33978003,0,Yellow
2024-01-01 05:44:00,2,613,68.9846471,98,76,11,Cloudy,22.30204263,33.10700664,0,Green
2024-01-01 05:45:00,2,673,50.09092769,598,59,19,Cloudy,23.28402079,84.96895179,0,Red
2024-01-01 05:46:00,3,813,24.25349455,874,95,49,Rainy,15.03125911,84.50781086,0,Yellow
2024-01-01 05:47:00,1,643,38.77178965,432,14,2,Rainy,17.1168598,43.54946327,0,Yellow
2024-01-01 05:48:00,2,793,76.11782591,565,35,42,Windy,29.12882902,62.82367289,0,Yellow
2024-01-01 05:49:00,5,276,71.04081564,628,62,49,Rainy,21.75868147,87.30169574,0,Green
2024-01-01 05:50:00,2,794,78.91434188,188,68,3,Foggy,17.93385209,59.80236778,0,Red
2024-01-01 05:51:00,2,782,57.67960296,700,85,16,Foggy,25.56565068,53.61466921,0,Yellow
2024-01-01 05:52:00,1,485,34.85060439,682,79,49,Foggy,26.3189939,58.99492164,0,Yellow
2024-01-01 05:53:00,4,974,29.76890298,602,40,36,Foggy,29.23489442,77.41294569,0,Red
2024-01-01 05:54:00,2,471,31.21486644,534,73,45,Windy,13.91773239,58.63665795,0,Green
2024-01-01 05:55:00,3,603,21.1877395,333,23,41,Cloudy,28.53793131,76.99666088,0,Green
2024-01-01 05:56:00,4,70,43.44092666,51,81,14,Foggy,24.9857098,55.90184674,0,Green
2024-01-01 05:57:00,5,603,31.48566083,306,48,32,Rainy,11.43929663,45.12034027,0,Green
2024-01-01 05:58:00,1,446,44.69932763,613,17,15,Foggy,29.43614071,49.58836379,0,Green
2024-01-01 05:59:00,5,674,76.09966591,62,6,10,Windy,19.57700703,34.66940788,0,Yellow
2024-01-01 06:00:00,4,154,45.83241257,636,3,19,Rainy,18.25952336,59.84286866,0,Yellow
2024-01-01 06:01:00,4,241,72.67906982,20,89,37,Foggy,21.20187879,38.88665549,0,Yellow
2024-01-01 06:02:00,4,66,56.330286,592,68,23,Cloudy,18.65437693,78.69282038,0,Red
2024-01-01 06:03:00,5,169,34.82789328,289,59,15,Rainy,18.45713981,55.23543445,0,Green
2024-01-01 06:04:00,4,442,41.35128556,199,54,29,Rainy,30.20194169,75.90013944,0,Red
2024-01-01 06:05:00,5,474,25.03517215,755,15,33,Cloudy,13.11263136,87.26762565,1,Green
2024-01-01 06:06:00,4,178,40.00775562,537,98,0,Rainy,34.2650017,80.96867698,0,Green
2024-01-01 06:07:00,3,179,60.65245673,122,89,23,Foggy,23.87329111,87.08782078,0,Red
2024-01-01 06:08:00,4,621,24.32666558,29,81,23,Rainy,14.57309996,64.07619161,0,Yellow
2024-01-01 06:09:00,5,609,32.32408451,602,28,8,Foggy,13.28038707,39.91946604,0,Red
2024-01-01 06:10:00,2,78,42.88646248,109,22,21,Cloudy,24.7877383,86.12375725,0,Yellow
2024-01-01 06:11:00,4,146,78.92297222,245,13,11,Sunny,25.8249861,82.11026344,0,Green
2024-01-01 06:12:00,2,59,67.09170938,689,78,16,Cloudy,11.32564428,81.86477946,0,Yellow
2024-01-01 06:13:00,3,291,64.00920479,759,48,24,Foggy,16.07504785,71.59646564,0,Green
2024-01-01 06:14:00,1,875,26.97145739,145,32,27,Windy,29.88654803,67.49497573,0,Green
2024-01-01 06:15:00,3,281,66.85975362,228,24,14,Cloudy,11.24061569,30.88343351,0,Yellow
2024-01-01 06:16:00,4,838,67.11612869,116,20,29,Windy,31.3772166,74.88324415,0,Green
2024-01-01 06:17:00,2,333,56.06616174,93,16,26,Windy,26.45406191,35.49210705,0,Yellow
2024-01-01 06:18:00,2,764,79.42170692,646,22,21,Foggy,20.86058148,45.58505617,0,Red
2024-01-01 06:19:00,5,808,39.51523436,210,56,9,Foggy,18.66082122,63.08941772,0,Green
2024-01-01 06:20:00,2,851,76.47634689,701,80,30,Sunny,10.4812241,57.10395509,0,Green
2024-01-01 06:21:00,5,825,74.8838669,838,57,26,Rainy,30.63037364,30.94646339,0,Red
2024-01-01 06:22:00,1,775,20.68883958,735,13,11,Cloudy,13.56804635,79.43910351,0,Green
2024-01-01 06:23:00,4,249,47.00699159,75,92,45,Foggy,17.7385498,82.72805749,0,Red
2024-01-01 06:24:00,5,994,78.62625398,739,19,30,Cloudy,24.22767451,70.91237661,0,Red
2024-01-01 06:25:00,1,128,26.18728174,572,29,31,Windy,16.149815,62.46407152,0,Green
2024-01-01 06:26:00,2,962,52.86708166,51,18,31,Rainy,22.42851159,87.64427033,0,Red
2024-01-01 06:27:00,2,904,78.73745042,546,52,40,Sunny,30.23357072,37.19737246,0,Red
2024-01-01 06:28:00,1,905,53.32972545,593,55,44,Cloudy,21.76344837,74.27460322,0,Red
2024-01-01 06:29:00,2,222,31.38891818,686,76,34,Rainy,33.7244336,37.70163677,0,Green
2024-01-01 06:30:00,1,516,54.93099381,303,81,45,Sunny,31.18751551,52.91068794,0,Red
2024-01-01 06:31:00,5,630,32.26643444,740,22,20,Cloudy,18.32598088,65.12907055,0,Yellow
2024-01-01 06:32:00,5,465,51.18225577,851,61,9,Rainy,19.99905311,74.22526143,0,Yellow
2024-01-01 06:33:00,1,989,24.44253307,513,32,15,Foggy,20.58316818,30.22296602,1,Red
2024-01-01 06:34:00,5,498,56.32896015,206,17,6,Cloudy,25.65448632,45.63587318,0,Yellow
2024-01-01 06:35:00,5,136,51.00739635,517,72,3,Rainy,17.16989323,62.29202348,0,Green
2024-01-01 06:36:00,5,150,64.40968213,461,32,26,Sunny,34.23122847,61.97242075,0,Red
2024-01-01 06:37:00,3,57,57.84202827,149,31,24,Rainy,25.21710552,68.2575861,0,Green
2024-01-01 06:38:00,4,894,52.97637611,658,60,30,Foggy,19.98504147,48.23121485,0,Yellow
2024-01-01 06:39:00,2,249,61.38673095,311,53,10,Cloudy,26.12524539,62.43175507,0,Yellow
2024-01-01 06:40:00,3,554,28.63651481,133,16,47,Cloudy,19.88512526,41.38720665,0,Yellow
2024-01-01 06:41:00,5,136,55.72157968,218,18,19,Cloudy,30.44489202,41.21233286,0,Yellow
2024-01-01 06:42:00,1,92,30.32663617,32,90,35,Foggy,24.19602401,64.59383781,0,Green
2024-01-01 06:43:00,5,434,75.53133247,290,69,16,Sunny,11.04926259,71.1283551,0,Red
2024-01-01 06:44:00,4,670,24.10004629,620,98,44,Cloudy,14.41892169,37.223998,0,Green
2024-01-01 06:45:00,5,484,45.82248498,234,33,10,Sunny,31.62484933,37.36739411,0,Red
2024-01-01 06:46:00,1,457,61.74784866,463,83,29,Rainy,24.07249566,63.91816149,0,Yellow
2024-01-01 06:47:00,4,532,47.4813327,809,24,34,Sunny,33.75858691,46.20574514,0,Yellow
2024-01-01 06:48:00,5,713,25.52571519,531,67,40,Sunny,11.81055782,53.54394613,0,Yellow
2024-01-01 06:49:00,4,66,53.20274097,466,73,37,Cloudy,17.38151575,54.04490686,0,Yellow
2024-01-01 06:50:00,2,694,58.49791453,734,73,21,Windy,14.83858433,40.71317156,0,Green
2024-01-01 06:51:00,2,197,62.22753866,93,87,42,Windy,23.84600731,30.07887801,0,Red
2024-01-01 06:52:00,5,326,42.39558887,556,84,47,Foggy,19.56982078,81.1891086,0,Red
2024-01-01 06:53:00,4,281,53.81959826,120,10,26,Foggy,13.93183835,72.90011813,0,Yellow
2024-01-01 06:54:00,1,875,47.0411885,195,90,36,Windy,26.06879785,71.43231349,0,Green
2024-01-01 06:55:00,5,976,60.32336233,446,15,45,Rainy,23.40745914,62.79030829,0,Yellow
2024-01-01 06:56:00,2,415,55.01341804,136,89,48,Cloudy,16.86840628,72.05817927,0,Red
2024-01-01 06:57:00,2,277,51.54537317,185,60,34,Cloudy,21.99428394,86.14130265,0,Red
2024-01-01 06:58:00,5,700,34.97146201,60,93,3,Rainy,28.64345788,69.94042417,0,Green
2024-01-01 06:59:00,4,485,20.12111106,448,79,15,Rainy,15.13179186,45.90548412,0,Red
2024-01-01 07:00:00,2,448,30.44490052,363,6,15,Windy,17.32264367,64.2336031,0,Green
2024-01-01 07:01:00,4,260,27.02396249,443,15,20,Foggy,18.65277468,56.5394642,0,Yellow
2024-01-01 07:02:00,2,440,46.9450847,385,98,25,Rainy,28.66816093,63.38514787,0,Yellow
2024-01-01 07:03:00,2,548,56.73548905,139,15,35,Foggy,31.17306499,61.05662864,0,Green
2024-01-01 07:04:00,3,589,32.78510052,628,39,18,Sunny,19.40971241,81.52651711,0,Yellow
2024-01-01 07:05:00,2,612,76.34342576,676,11,16,Cloudy,17.41552155,69.1080062,0,Green
2024-01-01 07:06:00,1,540,20.40092775,747,34,44,Windy,32.23616896,41.32550868,0,Yellow
2024-01-01 07:07:00,5,491,66.33806091,248,20,25,Cloudy,34.9841233,33.78100673,0,Yellow
2024-01-01 07:08:00,5,310,57.51228617,844,49,21,Windy,26.75884099,55.46182732,0,Red
2024-01-01 07:09:00,4,822,42.41328806,149,42,27,Sunny,34.74951537,30.93663734,0,Red
2024-01-01 07:10:00,2,399,23.02933666,371,99,0,Cloudy,26.49915695,49.09784315,0,Green
2024-01-01 07:11:00,1,401,57.64919431,337,16,43,Sunny,28.3365068,52.08128817,0,Yellow
2024-01-01 07:12:00,4,569,43.13681077,668,31,35,Windy,19.71640004,52.53533244,0,Yellow
2024-01-01 07:13:00,3,369,76.17602836,855,40,42,Rainy,20.82418867,88.76100146,0,Yellow
2024-01-01 07:14:00,4,187,52.51940449,356,5,36,Cloudy,13.6033916,48.23405262,0,Red
2024-01-01 07:15:00,4,599,76.37909068,292,87,1,Sunny,30.56875037,45.91364972,0,Green
2024-01-01 07:16:00,2,672,33.22902161,136,26,16,Cloudy,33.27647577,37.76285586,0,Green
2024-01-01 07:17:00,3,417,63.54355462,837,19,39,Cloudy,25.58595334,60.66053014,0,Green
2024-01-01 07:18:00,4,269,57.03494125,387,24,37,Cloudy,18.59118271,39.22045837,0,Yellow
2024-01-01 07:19:00,1,386,64.36449379,113,65,20,Foggy,13.85040813,66.97768276,0,Green
2024-01-01 07:20:00,1,272,32.88007184,187,8,8,Sunny,16.62890574,39.30958674,0,Red
2024-01-01 07:21:00,5,697,59.89967097,734,91,12,Sunny,16.38526052,64.60039907,1,Red
2024-01-01 07:22:00,3,817,49.88242358,360,52,10,Cloudy,25.3381971,79.57615435,0,Green
2024-01-01 07:23:00,3,409,64.56949849,680,60,15,Rainy,33.62593663,32.55147801,1,Yellow
2024-01-01 07:24:00,5,970,39.62267865,714,37,15,Cloudy,11.20679717,55.1848185,0,Red
2024-01-01 07:25:00,4,378,73.40342153,171,2,1,Foggy,10.02555749,57.66293803,0,Red
2024-01-01 07:26:00,3,512,25.05807888,605,83,41,Windy,25.00454861,77.46432861,0,Yellow
2024-01-01 07:27:00,1,995,68.43135913,896,69,43,Foggy,17.10151155,58.07493792,0,Yellow
2024-01-01 07:28:00,1,610,71.67917755,293,96,7,Rainy,32.01370856,64.05214719,0,Green
2024-01-01 07:29:00,2,853,69.03513868,573,54,42,Cloudy,18.1812577,77.47225522,0,Red
2024-01-01 07:30:00,3,431,50.76358366,515,0,41,Sunny,17.24344001,63.58550958,0,Red
2024-01-01 07:31:00,4,885,46.3030988,743,69,12,Cloudy,16.73776553,51.49796481,0,Green
2024-01-01 07:32:00,5,639,79.77573719,120,44,16,Rainy,13.62132068,35.15053666,0,Green
2024-01-01 07:33:00,5,666,33.75031707,576,97,38,Sunny,24.53826186,73.79493777,0,Red
2024-01-01 07:34:00,4,218,52.81255795,101,46,23,Foggy,14.20534006,82.26828901,0,Red
2024-01-01 07:35:00,2,266,60.24053152,548,78,2,Windy,20.61577899,88.20387222,1,Yellow
2024-01-01 07:36:00,5,427,62.05205815,92,25,29,Windy,21.52430131,85.59599285,0,Yellow
2024-01-01 07:37:00,3,168,32.24147994,33,13,12,Cloudy,10.51230117,77.84507453,0,Red
2024-01-01 07:38:00,2,239,59.23964554,452,53,18,Foggy,10.420182,68.60831593,0,Red
2024-01-01 07:39:00,3,816,69.10217399,176,70,6,Rainy,23.00531722,76.88760875,1,Yellow
2024-01-01 07:40:00,1,419,23.00111461,754,45,8,Windy,27.40086831,55.92502277,0,Green
2024-01-01 07:41:00,2,827,74.6912776,151,30,18,Foggy,33.55356206,65.68657289,0,Green
2024-01-01 07:42:00,5,198,21.77024331,357,87,44,Cloudy,14.4779821,50.92198855,0,Red
2024-01-01 07:43:00,2,725,41.35826195,423,58,39,Sunny,12.58147024,49.6025529,0,Red
2024-01-01 07:44:00,2,701,20.94879177,395,94,21,Cloudy,11.30219767,75.4015064,0,Yellow
2024-01-01 07:45:00,2,908,24.62871011,578,28,17,Cloudy,20.90103957,57.23596694,0,Red
2024-01-01 07:46:00,2,537,74.67009711,126,95,22,Foggy,25.57868418,42.72967578,0,Green
2024-01-01 07:47:00,3,819,41.29164984,639,16,1,Windy,31.01383392,42.11628972,0,Yellow
2024-01-01 07:48:00,1,423,45.48629183,284,13,49,Foggy,27.06612206,81.55034169,0,Yellow
2024-01-01 07:49:00,4,830,32.92066288,224,35,49,Sunny,15.20901973,70.66562966,0,Green
2024-01-01 07:50:00,2,742,55.82574621,98,57,10,Foggy,21.54425916,62.7627644,0,Green
2024-01-01 07:51:00,5,209,55.68819288,174,23,30,Rainy,32.75865866,54.05632416,0,Yellow
2024-01-01 07:52:00,2,400,42.33202351,802,62,32,Cloudy,18.16852656,55.84904345,0,Red
2024-01-01 07:53:00,5,961,39.98209231,266,90,13,Windy,22.46825913,33.44611165,0,Green
2024-01-01 07:54:00,3,337,73.09785849,550,24,15,Sunny,33.96413337,57.29460869,0,Yellow
2024-01-01 07:55:00,5,337,42.99705438,877,58,10,Cloudy,28.36770014,77.72729464,0,Red
2024-01-01 07:56:00,4,941,49.61005953,557,31,32,Foggy,28.69350964,53.27918881,0,Red
2024-01-01 07:57:00,1,275,36.99828575,748,81,6,Rainy,16.30835011,53.01487515,0,Yellow
2024-01-01 07:58:00,5,572,67.2061702,173,17,30,Foggy,20.36745296,30.94299498,0,Green
2024-01-01 07:59:00,5,571,43.84688941,173,36,47,Cloudy,12.05855408,57.47011575,0,Red
2024-01-01 08:00:00,1,832,50.81666279,705,25,45,Sunny,25.16314668,31.52025918,1,Green
2024-01-01 08:01:00,4,322,35.2014302,111,8,46,Windy,12.59325411,64.22096568,0,Yellow
2024-01-01 08:02:00,2,985,79.25957554,452,98,13,Cloudy,30.89773956,60.40700289,0,Green
2024-01-01 08:03:00,5,451,37.48974446,357,63,27,Sunny,30.36384468,80.40050994,0,Red
2024-01-01 08:04:00,1,232,66.24455185,499,71,42,Cloudy,23.34012753,64.90683666,0,Yellow
2024-01-01 08:05:00,3,714,45.64973902,712,19,15,Rainy,13.52915083,49.40564132,0,Red
2024-01-01 08:06:00,1,537,32.37304431,150,53,18,Foggy,10.63947458,60.97386057,0,Red
2024-01-01 08:07:00,3,876,67.98312584,469,85,16,Windy,29.91771669,71.98238134,0,Yellow
2024-01-01 08:08:00,4,895,40.01640734,829,82,25,Sunny,25.00351208,35.63782772,0,Yellow
2024-01-01 08:09:00,2,173,71.91160084,806,29,5,Windy,27.77324092,67.26444531,0,Green
2024-01-01 08:10:00,1,675,74.9154311,292,52,42,Windy,17.59517814,84.99757692,0,Yellow
2024-01-01 08:11:00,5,839,71.58943012,607,91,48,Windy,22.73706845,47.94781774,0,Green
2024-01-01 08:12:00,4,463,22.10047489,196,98,8,Sunny,28.67935426,67.59750569,0,Yellow
2024-01-01 08:13:00,1,774,67.2424007,715,62,49,Sunny,21.56408271,79.27976702,0,Red
2024-01-01 08:14:00,5,221,44.68036799,850,10,16,Windy,25.03460557,60.70838385,0,Green
2024-01-01 08:15:00,1,337,72.42337521,662,30,30,Foggy,29.74320655,73.07877204,0,Yellow
2024-01-01 08:16:00,3,484,58.27725576,894,48,11,Cloudy,15.38051613,48.66062031,0,Green
2024-01-01 08:17:00,1,735,70.01858805,68,99,22,Windy,11.64822223,48.36350718,0,Green
2024-01-01 08:18:00,1,162,49.96590619,586,93,4,Rainy,23.29558777,70.05504131,0,Green
2024-01-01 08:19:00,1,937,52.10153028,685,86,42,Windy,11.55314427,72.32453244,0,Red
2024-01-01 08:20:00,4,966,28.66325793,374,18,35,Sunny,29.16393236,86.22058197,0,Yellow
2024-01-01 08:21:00,1,171,67.03924152,731,11,35,Cloudy,27.98028619,43.49031448,0,Yellow
2024-01-01 08:22:00,5,593,45.1633767,327,14,2,Rainy,32.04281679,58.09305577,1,Green
2024-01-01 08:23:00,3,271,50.0048071,887,30,23,Cloudy,25.98905245,45.03080839,0,Yellow
2024-01-01 08:24:00,3,680,67.10586285,649,42,16,Cloudy,11.67993927,34.80552965,1,Red
2024-01-01 08:25:00,1,88,55.930724,794,36,38,Rainy,16.32880314,54.19383168,0,Green
2024-01-01 08:26:00,4,546,32.06592365,65,78,25,Windy,30.19829611,52.44484484,0,Red
2024-01-01 08:27:00,4,829,55.41395955,321,28,3,Windy,14.17831043,46.2260472,0,Red
2024-01-01 08:28:00,5,282,44.45797148,887,25,44,Windy,27.4620117,47.81969347,0,Yellow
2024-01-01 08:29:00,1,992,48.17153252,427,1,11,Foggy,29.50648327,51.62470838,0,Yellow
2024-01-01 08:30:00,3,579,21.69867646,208,83,0,Windy,18.25279495,89.33025797,0,Green
2024-01-01 08:31:00,4,198,32.60176097,841,14,20,Rainy,18.05743684,76.97746596,0,Red
2024-01-01 08:32:00,1,446,36.86228488,849,3,18,Foggy,23.94506703,34.28407207,0,Yellow
2024-01-01 08:33:00,4,710,62.77760047,148,85,20,Windy,31.53215832,82.34479059,0,Green
2024-01-01 08:34:00,4,687,20.6895484,580,49,17,Foggy,15.59765505,67.99819958,0,Green
2024-01-01 08:35:00,3,953,44.52663567,556,37,42,Rainy,33.5314549,83.43562561,0,Yellow
2024-01-01 08:36:00,2,351,75.44161223,285,22,2,Windy,24.97796712,50.50258123,0,Red
2024-01-01 08:37:00,5,409,26.71283699,137,58,48,Sunny,34.80316178,57.87113189,0,Green
2024-01-01 08:38:00,5,287,50.98546329,483,89,43,Rainy,12.2403431,83.77362344,0,Yellow
2024-01-01 08:39:00,3,696,67.19134294,163,74,31,Cloudy,13.16405341,46.35438815,0,Green
2024-01-01 08:40:00,4,712,76.55187845,461,27,9,Cloudy,30.66604509,84.93005257,0,Yellow
2024-01-01 08:41:00,1,285,64.80659837,219,65,39,Rainy,31.61889739,79.70998273,0,Green
2024-01-01 08:42:00,4,785,63.23393292,176,7,14,Cloudy,21.13646721,88.83347645,0,Red
2024-01-01 08:43:00,3,252,69.58928541,506,28,4,Rainy,27.8517794,49.45545522,0,Green
2024-01-01 08:44:00,5,305,46.77207326,879,10,3,Sunny,31.68893219,44.1451908,0,Yellow
2024-01-01 08:45:00,4,647,68.35067196,153,17,27,Rainy,11.07819471,49.85201382,0,Yellow
2024-01-01 08:46:00,5,711,20.47786428,167,54,3,Windy,24.34876057,87.27898776,0,Yellow
2024-01-01 08:47:00,1,284,75.47366332,355,49,14,Windy,31.33701666,49.98439776,0,Red
2024-01-01 08:48:00,5,394,46.59839057,90,13,16,Foggy,19.95387361,63.9127092,0,Yellow
2024-01-01 08:49:00,5,583,53.20281127,252,73,43,Cloudy,17.55959015,54.22075696,0,Yellow
2024-01-01 08:50:00,2,909,35.29293493,353,98,2,Cloudy,29.89266713,53.77320867,0,Red
2024-01-01 08:51:00,2,846,64.55184997,830,8,9,Rainy,18.39466459,41.60271659,0,Yellow
2024-01-01 08:52:00,2,830,24.59814839,685,98,46,Cloudy,10.07935745,62.22477245,0,Yellow
2024-01-01 08:53:00,5,515,72.35814815,109,10,41,Windy,33.98931469,80.9642553,0,Red
2024-01-01 08:54:00,3,819,69.68700974,353,62,22,Sunny,24.80308091,32.96910081,0,Green
2024-01-01 08:55:00,5,590,32.96360697,218,75,17,Rainy,30.48794797,83.35359562,0,Yellow
2024-01-01 08:56:00,3,262,68.5594639,180,66,0,Cloudy,30.63253906,69.92837791,0,Green
2024-01-01 08:57:00,3,512,67.18146398,557,52,34,Windy,11.66026051,67.00428483,0,Red
2024-01-01 08:58:00,2,485,57.93299587,140,38,30,Foggy,14.27150498,67.55401398,0,Yellow
2024-01-01 08:59:00,4,332,42.41121061,320,77,43,Cloudy,17.77801702,47.77619016,0,Yellow
2024-01-01 09:00:00,1,611,36.28992525,743,55,0,Sunny,18.01748213,54.90867023,0,Red
2024-01-01 09:01:00,2,656,33.90701542,594,27,2,Sunny,26.46965294,77.95740035,0,Yellow
2024-01-01 09:02:00,2,512,39.11653777,455,74,2,Cloudy,25.57832302,48.38286222,0,Green
2024-01-01 09:03:00,4,456,74.21350661,87,38,36,Cloudy,22.36474445,58.20121257,0,Green
2024-01-01 09:04:00,1,137,24.65844656,784,24,18,Windy,15.28159331,31.17793628,0,Red
2024-01-01 09:05:00,5,93,69.73227658,478,20,28,Cloudy,19.54958674,74.01350118,0,Yellow
2024-01-01 09:06:00,5,510,40.9334045,533,9,24,Foggy,23.58984921,55.0621306,0,Yellow
2024-01-01 09:07:00,2,327,51.29596376,417,42,32,Windy,21.69963415,61.52152611,1,Red
2024-01-01 09:08:00,1,732,67.66913802,639,14,35,Rainy,13.18231333,36.88135907,0,Green
2024-01-01 09:09:00,2,470,73.06259282,305,82,28,Foggy,26.23776234,89.50285373,1,Green
2024-01-01 09:10:00,3,750,40.6868852,580,47,25,Windy,11.82629442,48.14806962,0,Red
2024-01-01 09:11:00,2,402,47.71060888,159,85,3,Windy,19.45486708,68.0993797,0,Yellow
2024-01-01 09:12:00,2,745,44.87096389,749,20,48,Sunny,27.75073369,64.87418069,0,Green
2024-01-01 09:13:00,5,564,20.79506201,575,59,13,Windy,10.50058836,77.10553224,0,Yellow
2024-01-01 09:14:00,5,752,37.75657333,800,95,49,Foggy,24.24957048,47.63021734,0,Green
2024-01-01 09:15:00,5,679,47.55135402,609,49,26,Cloudy,18.36302435,75.3556407,0,Yellow
2024-01-01 09:16:00,3,68,44.66561653,747,22,32,Foggy,10.22079609,52.95010384,0,Green
2024-01-01 09:17:00,5,72,63.31575365,629,12,21,Rainy,14.75958178,54.66965795,0,Yellow
2024-01-01 09:18:00,1,462,43.08821703,767,68,47,Windy,33.52365483,70.36275159,0,Red
2024-01-01 09:19:00,4,79,49.36258694,301,3,2,Windy,23.02872264,77.0571463,0,Green
2024-01-01 09:20:00,1,856,45.77651553,680,91,22,Windy,34.93068012,70.01199817,0,Red
2024-01-01 09:21:00,1,157,64.43756893,835,77,20,Windy,23.12041876,83.99277123,0,Green
2024-01-01 09:22:00,5,416,71.77834394,597,71,40,Sunny,23.59841031,47.10954177,0,Green
2024-01-01 09:23:00,4,330,51.91334474,765,8,22,Sunny,19.79607532,84.03700393,0,Green
2024-01-01 09:24:00,4,177,67.36593165,476,34,3,Cloudy,17.75101047,37.85181156,0,Yellow
2024-01-01 09:25:00,4,278,37.80720092,106,20,20,Windy,16.28863883,69.57181914,0,Green
2024-01-01 09:26:00,3,160,52.48217661,98,57,36,Rainy,18.5855154,62.85783908,0,Red
2024-01-01 09:27:00,5,185,40.71379722,224,17,42,Cloudy,21.49627702,59.67815642,0,Yellow
2024-01-01 09:28:00,4,411,44.85205553,810,96,30,Windy,14.79979876,48.65472173,0,Yellow
2024-01-01 09:29:00,3,235,63.94483189,356,71,20,Sunny,15.6218773,60.22396472,0,Green
2024-01-01 09:30:00,2,705,72.89974894,273,80,25,Rainy,16.78861922,39.70640138,0,Yellow
2024-01-01 09:31:00,2,633,27.28972347,323,42,40,Cloudy,21.2314973,52.15925665,0,Green
2024-01-01 09:32:00,3,178,58.07835539,399,94,34,Rainy,26.32033417,35.92085505,0,Red
2024-01-01 09:33:00,3,925,54.92862845,149,97,37,Windy,31.40365376,64.31079599,0,Yellow
2024-01-01 09:34:00,5,310,27.10490235,615,5,23,Foggy,17.17829593,35.74607317,0,Yellow
2024-01-01 09:35:00,5,564,32.71365983,295,85,10,Rainy,14.59320851,39.62067863,0,Red
2024-01-01 09:36:00,2,498,38.66014968,718,77,40,Rainy,19.47118662,35.12800809,0,Red
2024-01-01 09:37:00,4,949,30.01586425,577,66,28,Sunny,32.35957691,52.8786384,0,Green
2024-01-01 09:38:00,2,153,34.62376895,202,11,46,Windy,10.24651821,80.51750727,0,Yellow
2024-01-01 09:39:00,4,532,36.05604793,287,99,2,Rainy,26.9467154,84.4137835,1,Red
2024-01-01 09:40:00,4,273,40.14042998,827,11,0,Windy,21.92900116,34.31336728,0,Yellow
2024-01-01 09:41:00,5,881,64.96342717,341,65,18,Sunny,14.02615537,68.07300845,0,Red
2024-01-01 09:42:00,1,923,54.31473223,531,1,45,Windy,18.02553816,71.06312548,0,Yellow
2024-01-01 09:43:00,1,915,79.17480032,631,14,48,Sunny,15.6237511,62.02619655,0,Red
2024-01-01 09:44:00,3,540,44.88414962,97,22,21,Sunny,31.9458042,70.01909169,0,Yellow
2024-01-01 09:45:00,5,522,65.23190443,803,28,13,Cloudy,22.0468346,44.02144293,0,Green
2024-01-01 09:46:00,4,59,72.28810528,358,80,48,Windy,24.07735695,59.37865271,0,Yellow
2024-01-01 09:47:00,1,454,60.73870958,693,95,13,Foggy,24.84219048,53.45255094,0,Green
2024-01-01 09:48:00,4,945,44.71188443,575,6,43,Cloudy,25.99042812,35.38247709,0,Green
2024-01-01 09:49:00,1,351,65.21567784,528,93,15,Sunny,22.38889226,67.53338638,0,Green
2024-01-01 09:50:00,1,280,32.22002827,257,27,32,Foggy,10.44683827,59.71291156,0,Yellow
2024-01-01 09:51:00,1,780,39.65312991,153,13,12,Rainy,18.36806717,46.51044161,0,Yellow
2024-01-01 09:52:00,5,972,52.80111531,211,43,37,Rainy,14.59683102,58.42111562,0,Green
2024-01-01 09:53:00,2,115,54.52456324,375,29,48,Cloudy,27.00357107,76.5178811,0,Red
2024-01-01 09:54:00,4,986,21.32848853,297,80,11,Foggy,11.41761628,78.09946577,0,Yellow
2024-01-01 09:55:00,5,161,76.70685133,37,31,37,Windy,24.09508478,68.97156772,0,Yellow
2024-01-01 09:56:00,5,62,61.79763627,543,69,38,Foggy,15.26579306,58.06487,0,Yellow
2024-01-01 09:57:00,5,442,49.74222501,199,87,32,Cloudy,33.72114596,64.54497835,0,Yellow
2024-01-01 09:58:00,5,549,75.98763406,142,5,32,Windy,18.38852355,53.10092228,0,Green
2024-01-01 09:59:00,5,981,46.34573392,265,26,28,Windy,18.13052978,37.59338058,0,Red
2024-01-01 10:00:00,3,647,78.82613422,753,81,4,Rainy,33.0846167,53.13723584,0,Red
2024-01-01 10:01:00,4,283,50.73708543,392,87,5,Foggy,20.43369801,61.81996536,0,Red
2024-01-01 10:02:00,5,651,26.8571462,70,23,30,Windy,34.07155835,65.93004088,0,Red
2024-01-01 10:03:00,4,363,65.88805835,90,33,15,Cloudy,10.6042588,86.14805856,1,Green
2024-01-01 10:04:00,3,615,60.7338635,499,39,30,Rainy,17.65861438,76.6400067,0,Yellow
2024-01-01 10:05:00,3,61,66.37920328,579,46,24,Windy,26.65482401,39.11955369,0,Yellow
2024-01-01 10:06:00,4,258,77.08652172,38,78,47,Foggy,32.27142411,40.4509324,0,Green
2024-01-01 10:07:00,1,63,66.58935816,793,74,45,Rainy,16.41013983,36.02968555,0,Yellow
2024-01-01 10:08:00,2,682,56.68019613,103,85,32,Foggy,33.2619398,74.29090363,0,Green
2024-01-01 10:09:00,1,467,71.43853414,174,23,12,Foggy,24.85303666,72.36733671,0,Red
2024-01-01 10:10:00,1,486,60.39478636,584,64,9,Foggy,30.02520608,89.1817741,0,Green
2024-01-01 10:11:00,1,426,44.48714341,638,17,23,Rainy,19.93018261,61.32140506,0,Yellow
2024-01-01 10:12:00,5,69,73.13718585,376,43,9,Windy,15.30450956,79.58489573,1,Yellow
2024-01-01 10:13:00,3,636,33.31402765,835,75,40,Sunny,32.78088539,64.58639152,0,Yellow
2024-01-01 10:14:00,1,961,62.87847649,666,56,30,Windy,33.32839671,82.44520275,0,Red
2024-01-01 10:15:00,3,804,72.8938073,462,27,12,Rainy,22.4393786,73.26126236,0,Green
2024-01-01 10:16:00,4,784,63.87899118,88,70,2,Sunny,10.1623754,68.5730409,0,Green
2024-01-01 10:17:00,2,119,61.83652514,542,22,49,Sunny,12.74457384,63.90736026,0,Yellow
2024-01-01 10:18:00,4,873,65.15829764,162,84,33,Sunny,24.32569901,73.37823147,0,Green
2024-01-01 10:19:00,4,260,47.9033149,211,33,48,Cloudy,10.59441756,55.17923056,0,Yellow
2024-01-01 10:20:00,5,150,72.45024093,406,10,27,Rainy,19.9227981,35.79459484,0,Green
2024-01-01 10:21:00,2,747,32.20618851,397,85,18,Cloudy,17.58424864,32.39916773,0,Red
2024-01-01 10:22:00,4,181,27.64318496,600,34,22,Sunny,27.85870689,58.7414239,0,Red
2024-01-01 10:23:00,4,672,37.13052681,554,92,44,Cloudy,11.38946682,65.95749493,0,Green
2024-01-01 10:24:00,2,430,51.89464381,712,41,31,Cloudy,22.21828172,34.73094183,0,Red
2024-01-01 10:25:00,2,181,50.63370772,312,27,12,Rainy,24.47785675,47.21421293,0,Red
2024-01-01 10:26:00,4,69,69.23592546,28,81,32,Foggy,25.4322769,49.32193236,0,Red
2024-01-01 10:27:00,2,955,44.27411938,290,77,33,Cloudy,20.1289418,63.76773211,0,Yellow
2024-01-01 10:28:00,4,585,49.06066558,406,81,32,Cloudy,17.60919459,46.70894736,0,Green
2024-01-01 10:29:00,4,276,20.802061,112,91,4,Sunny,27.06232584,35.73891597,0,Green
2024-01-01 10:30:00,5,203,44.58435419,548,23,2,Sunny,31.1892262,39.89140446,0,Yellow
2024-01-01 10:31:00,1,854,58.86645398,173,7,6,Sunny,27.34044094,40.4368681,0,Yellow
2024-01-01 10:32:00,4,791,20.93049984,424,52,23,Windy,33.30255914,80.56169665,0,Red
2024-01-01 10:33:00,3,518,36.85291791,859,71,21,Cloudy,27.93158813,47.05918122,0,Green
2024-01-01 10:34:00,1,871,32.47738156,168,3,44,Sunny,29.11546835,72.88150403,0,Yellow
2024-01-01 10:35:00,1,920,22.51912573,286,90,22,Rainy,14.19757992,64.07032478,0,Red
2024-01-01 10:36:00,1,454,48.75560539,441,99,29,Windy,20.48849111,88.62232522,0,Green
2024-01-01 10:37:00,5,251,30.90339759,859,4,17,Foggy,22.12638327,46.36936013,0,Red
2024-01-01 10:38:00,4,87,64.58489238,637,96,31,Cloudy,16.40732906,39.50238123,0,Green
2024-01-01 10:39:00,5,991,70.87567303,491,48,6,Cloudy,23.21349651,33.12227026,0,Red
2024-01-01 10:40:00,4,821,52.73511096,566,97,32,Rainy,17.26979861,44.45757974,1,Green
2024-01-01 10:41:00,5,237,78.90244055,650,29,4,Foggy,27.18755232,71.04425318,0,Green
2024-01-01 10:42:00,5,106,47.02871429,545,71,48,Foggy,21.75721192,35.11549348,0,Green
2024-01-01 10:43:00,3,990,50.80209261,522,62,27,Windy,21.47017386,44.68211071,0,Green
2024-01-01 10:44:00,5,69,79.35306524,33,46,7,Cloudy,34.59106328,81.31850209,0,Red
2024-01-01 10:45:00,2,322,33.89290616,797,25,14,Sunny,19.81112121,64.97717696,0,Yellow
2024-01-01 10:46:00,3,168,76.55275638,671,56,3,Rainy,19.05738581,34.17129242,1,Green
2024-01-01 10:47:00,5,632,22.57025331,825,36,33,Rainy,17.96510928,32.86098865,0,Green
2024-01-01 10:48:00,1,565,46.78321342,383,97,4,Rainy,32.36873052,33.66737252,0,Green
2024-01-01 10:49:00,2,270,24.20021073,138,6,32,Rainy,22.41809565,86.51250301,0,Green
2024-01-01 10:50:00,2,575,63.75408457,257,39,4,Sunny,25.00036194,80.99228571,0,Red
2024-01-01 10:51:00,2,564,56.50453615,565,91,37,Sunny,14.52046198,80.69640252,0,Yellow
2024-01-01 10:52:00,3,777,62.39805581,188,38,33,Windy,23.523559,85.45300573,0,Yellow
2024-01-01 10:53:00,5,790,42.468824,541,61,25,Cloudy,16.86620482,60.31532342,0,Yellow
2024-01-01 10:54:00,5,385,42.16891604,653,91,0,Sunny,28.26592303,44.84068027,0,Red
2024-01-01 10:55:00,1,747,22.71915674,676,77,3,Windy,30.81320872,54.08088025,0,Yellow
2024-01-01 10:56:00,1,104,40.99669637,754,52,38,Foggy,27.8702673,73.13184437,0,Red
2024-01-01 10:57:00,2,549,75.75730414,788,3,25,Cloudy,28.25610416,82.56197229,1,Red
2024-01-01 10:58:00,1,949,42.75359223,799,81,32,Sunny,22.8118676,56.1054556,0,Green
2024-01-01 10:59:00,3,937,69.88206237,890,24,32,Foggy,27.80295141,62.12285732,0,Red
2024-01-01 11:00:00,5,815,70.53953028,535,6,7,Windy,20.56717339,85.9069796,0,Yellow
2024-01-01 11:01:00,2,585,42.39446938,416,27,19,Sunny,26.28722884,36.44991823,0,Yellow
2024-01-01 11:02:00,1,211,57.91932082,885,68,15,Sunny,16.47598025,81.73795302,0,Yellow
2024-01-01 11:03:00,3,719,25.72229614,125,66,20,Foggy,11.74392531,39.55844894,0,Green
2024-01-01 11:04:00,3,643,26.22071484,104,94,44,Sunny,20.3368316,59.03168102,0,Green
2024-01-01 11:05:00,1,964,22.91945982,233,19,25,Rainy,21.54445389,43.10538772,0,Green
2024-01-01 11:06:00,5,208,54.8609056,140,82,22,Sunny,16.41017895,66.17685784,0,Red
2024-01-01 11:07:00,1,237,45.56425866,151,10,17,Cloudy,28.19273796,63.5144053,0,Yellow
2024-01-01 11:08:00,2,109,52.8819414,869,66,30,Foggy,11.83876197,52.80044185,0,Red
2024-01-01 11:09:00,1,964,51.26439143,216,86,41,Cloudy,15.56870811,81.79821089,0,Red
2024-01-01 11:10:00,3,866,41.01217947,38,6,11,Windy,28.71411796,69.58879922,0,Yellow
2024-01-01 11:11:00,1,368,60.64840489,661,22,0,Cloudy,20.92810684,73.2723075,0,Green
2024-01-01 11:12:00,5,927,65.51011285,31,60,41,Rainy,27.6320906,39.03958429,0,Yellow
2024-01-01 11:13:00,4,260,20.87769553,100,70,8,Rainy,24.18714694,82.98994068,0,Red
2024-01-01 11:14:00,1,455,32.43453799,349,33,2,Cloudy,33.76781875,40.02240982,0,Red
2024-01-01 11:15:00,5,713,62.79415209,885,18,25,Windy,24.94489582,43.36709785,0,Green
2024-01-01 11:16:00,5,158,43.19721036,793,57,8,Sunny,10.37172436,37.68330831,0,Red
2024-01-01 11:17:00,3,125,59.74903682,411,8,41,Rainy,18.82193376,56.42155248,0,Red
2024-01-01 11:18:00,5,591,40.81775958,656,47,15,Cloudy,13.57651706,83.26255391,0,Yellow
2024-01-01 11:19:00,5,363,43.44530914,326,81,23,Cloudy,33.11584194,45.14685118,0,Green
2024-01-01 11:20:00,5,166,29.52073242,286,40,49,Cloudy,12.60031136,52.42520523,0,Yellow
2024-01-01 11:21:00,5,976,35.49386118,466,47,13,Sunny,19.69266658,80.7639852,0,Yellow
2024-01-01 11:22:00,2,917,56.32470545,460,44,2,Foggy,15.65247984,67.06891679,0,Yellow
2024-01-01 11:23:00,2,753,45.98978668,671,24,33,Windy,31.16804976,75.09698362,0,Red
2024-01-01 11:24:00,3,68,66.45816098,860,77,32,Foggy,17.71416244,42.84000297,0,Red
2024-01-01 11:25:00,1,481,71.1550973,21,24,49,Windy,34.79733708,72.9893918,1,Green
2024-01-01 11:26:00,5,734,52.49878509,539,18,23,Windy,10.96541514,43.65663472,0,Red
2024-01-01 11:27:00,1,789,65.49603752,781,38,8,Cloudy,13.20691931,89.23883893,0,Green
2024-01-01 11:28:00,1,399,38.41427079,670,78,12,Rainy,15.61596941,63.59316937,0,Yellow
2024-01-01 11:29:00,3,232,44.89827292,655,79,1,Cloudy,30.27765101,71.73835548,0,Yellow
2024-01-01 11:30:00,5,162,62.76666057,328,26,6,Sunny,31.96293023,37.10409505,0,Red
2024-01-01 11:31:00,5,232,43.17271957,759,73,47,Windy,11.78628452,45.0393588,0,Red
2024-01-01 11:32:00,4,530,55.31029611,541,62,20,Rainy,10.81150354,38.38443957,0,Green
2024-01-01 11:33:00,1,195,31.12236674,488,67,18,Windy,28.61392143,53.41024292,0,Red
2024-01-01 11:34:00,1,880,55.9862789,231,18,24,Windy,13.33380017,47.04815185,0,Red
2024-01-01 11:35:00,2,677,71.69082243,131,27,46,Cloudy,13.32496468,73.97533558,0,Red
2024-01-01 11:36:00,4,162,72.11837839,27,84,21,Rainy,10.55916336,36.52253878,0,Yellow
2024-01-01 11:37:00,2,812,63.46066438,823,77,10,Rainy,11.24519694,75.12356211,0,Red
2024-01-01 11:38:00,2,525,64.74520274,496,32,32,Windy,16.59188646,32.74228948,0,Red
2024-01-01 11:39:00,2,812,53.47564671,893,9,31,Rainy,11.62513724,42.12107024,0,Yellow
2024-01-01 11:40:00,3,352,55.08008541,479,82,20,Rainy,19.22197729,77.51789952,0,Yellow
2024-01-01 11:41:00,3,874,28.01903488,272,29,38,Cloudy,30.81937578,74.56659847,0,Yellow
2024-01-01 11:42:00,2,167,46.63155131,545,21,19,Foggy,18.15800643,58.57956684,0,Yellow
2024-01-01 11:43:00,4,862,47.04657703,771,2,7,Sunny,28.19585406,32.9989629,0,Red
2024-01-01 11:44:00,1,210,77.50987014,457,81,41,Foggy,12.34774912,66.5936245,0,Red
2024-01-01 11:45:00,4,450,45.86521176,773,74,36,Rainy,26.48437969,54.40344624,1,Red
2024-01-01 11:46:00,5,247,52.96055869,873,47,8,Windy,17.91867958,48.99168901,0,Green
2024-01-01 11:47:00,3,309,51.99508396,680,1,24,Sunny,28.74382197,68.42463821,0,Yellow
2024-01-01 11:48:00,1,709,58.20570302,255,75,24,Sunny,13.40630035,56.19687373,0,Red
2024-01-01 11:49:00,1,801,64.89396988,325,53,32,Windy,32.44708444,35.54526603,0,Red
2024-01-01 11:50:00,5,96,33.50251257,497,5,1,Sunny,16.06443007,84.95702823,1,Red
2024-01-01 11:51:00,5,448,51.72346515,698,39,18,Windy,18.82844483,76.70958597,0,Yellow
2024-01-01 11:52:00,2,759,69.55506244,39,92,45,Sunny,33.75451777,33.38269148,0,Yellow
2024-01-01 11:53:00,3,608,47.78688283,235,93,19,Foggy,24.46205899,61.50383221,1,Yellow
2024-01-01 11:54:00,3,127,36.70745278,874,1,41,Sunny,19.14428797,35.00265377,0,Red
2024-01-01 11:55:00,4,173,59.28254452,154,72,40,Cloudy,33.74005368,80.23739154,0,Yellow
2024-01-01 11:56:00,2,124,69.42604375,148,1,41,Windy,18.22693542,66.78083766,1,Red
2024-01-01 11:57:00,2,920,23.78841758,429,92,28,Sunny,12.37176782,40.34694801,0,Green
2024-01-01 11:58:00,2,186,66.607429,441,96,5,Windy,34.9212222,31.24448057,0,Yellow
2024-01-01 11:59:00,2,651,69.29887598,313,73,16,Cloudy,16.69612301,31.89486073,0,Yellow
2024-01-01 12:00:00,3,449,47.69137566,265,97,24,Sunny,31.28144622,60.44192832,0,Red
2024-01-01 12:01:00,3,886,78.99833941,720,54,37,Sunny,14.13851987,74.06240872,0,Yellow
2024-01-01 12:02:00,2,554,67.20250044,575,71,3,Cloudy,28.28384929,37.25042708,0,Yellow
2024-01-01 12:03:00,4,549,66.41975389,105,59,29,Cloudy,23.11123486,43.27704395,0,Red
2024-01-01 12:04:00,1,622,64.87031446,575,96,19,Cloudy,34.52266396,49.63559671,0,Red
2024-01-01 12:05:00,1,187,29.03648619,861,5,2,Windy,23.8207589,43.08460692,0,Red
2024-01-01 12:06:00,4,99,33.03385319,394,18,22,Cloudy,10.6253788,53.48019376,0,Green
2024-01-01 12:07:00,2,820,47.83940789,465,95,17,Windy,25.09694974,63.57690035,1,Red
2024-01-01 12:08:00,3,668,35.840261,397,26,25,Foggy,13.63291141,71.09620489,0,Yellow
2024-01-01 12:09:00,1,674,44.91445834,409,0,35,Sunny,29.96352288,87.82651093,0,Green
2024-01-01 12:10:00,5,911,73.3078466,676,32,7,Sunny,31.41420491,85.85062018,0,Red
2024-01-01 12:11:00,5,303,69.45961351,70,39,16,Rainy,22.05233797,64.20761849,0,Green
2024-01-01 12:12:00,4,679,57.80239271,261,31,30,Foggy,29.58053643,74.04900339,0,Green
2024-01-01 12:13:00,2,759,71.48722366,313,68,36,Cloudy,13.62776839,87.05233228,0,Yellow
2024-01-01 12:14:00,1,898,67.02634334,582,16,44,Cloudy,22.30195466,35.00831667,0,Green
2024-01-01 12:15:00,2,926,45.73909591,285,7,32,Foggy,19.84860662,30.33808559,0,Red
2024-01-01 12:16:00,1,612,32.06390912,139,56,26,Cloudy,25.28293468,31.78798582,0,Green
2024-01-01 12:17:00,4,806,50.8520624,731,41,44,Rainy,11.11192972,63.80096174,0,Green
2024-01-01 12:18:00,4,964,64.17373295,267,97,3,Windy,28.80307096,75.77000552,0,Yellow
2024-01-01 12:19:00,5,475,46.18517592,89,8,21,Sunny,11.97823224,52.02449704,0,Yellow
2024-01-01 12:20:00,2,596,60.00631459,872,86,25,Foggy,26.41178794,62.71435048,0,Red
2024-01-01 12:21:00,5,351,25.65964558,76,34,31,Sunny,10.46143064,60.98197911,0,Yellow
2024-01-01 12:22:00,2,971,64.88028418,401,70,23,Windy,30.79720159,35.6862535,0,Red
2024-01-01 12:23:00,5,630,68.76281719,58,78,45,Foggy,14.36749076,49.29529585,1,Red
2024-01-01 12:24:00,3,398,62.41027135,820,52,34,Windy,22.8874369,31.16610931,0,Yellow
2024-01-01 12:25:00,3,881,78.03581525,462,53,36,Cloudy,16.53732259,36.64234133,0,Green
2024-01-01 12:26:00,3,982,69.59912345,37,83,31,Cloudy,28.06618005,78.71149337,0,Yellow
2024-01-01 12:27:00,3,98,74.18562367,751,24,6,Cloudy,18.0337775,79.76480983,0,Green
2024-01-01 12:28:00,1,966,76.01426501,844,66,32,Windy,28.11522984,78.1167792,0,Green
2024-01-01 12:29:00,3,123,68.08087951,775,61,30,Windy,17.12178017,73.60911846,0,Red
2024-01-01 12:30:00,4,753,60.45553052,371,54,11,Windy,28.81182727,77.59877078,0,Red
2024-01-01 12:31:00,4,310,20.34311488,835,45,10,Sunny,10.76513741,70.25894048,0,Yellow
2024-01-01 12:32:00,1,405,47.94954519,317,23,23,Windy,17.08278338,70.19000033,0,Green
2024-01-01 12:33:00,3,631,54.26973792,302,97,7,Cloudy,22.46583766,70.04170785,0,Yellow
2024-01-01 12:34:00,3,651,38.24181635,605,45,31,Rainy,11.12648955,60.84256738,0,Red
2024-01-01 12:35:00,3,309,39.08626681,129,21,37,Windy,14.65085153,51.80083401,0,Green
2024-01-01 12:36:00,5,687,77.66956494,199,10,21,Rainy,33.36342454,73.81171597,0,Yellow
2024-01-01 12:37:00,2,792,73.50265191,563,47,33,Cloudy,34.42085663,47.91876082,0,Yellow
2024-01-01 12:38:00,5,344,70.95074033,765,7,18,Windy,28.49374868,62.57412789,0,Red
2024-01-01 12:39:00,2,980,44.3607081,813,38,19,Sunny,16.30500127,56.00133721,0,Red
2024-01-01 12:40:00,3,690,20.82191302,44,34,13,Sunny,16.51293614,46.59733663,1,Red
2024-01-01 12:41:00,3,841,24.81333479,862,48,32,Rainy,26.14475894,88.48139523,0,Red
2024-01-01 12:42:00,5,362,38.73178209,810,45,9,Sunny,12.93999041,45.52509871,0,Yellow
2024-01-01 12:43:00,5,661,20.94457478,757,37,15,Sunny,33.70773451,48.55758382,0,Red
2024-01-01 12:44:00,2,887,21.02898691,76,7,3,Sunny,15.62032249,39.69525011,0,Red
2024-01-01 12:45:00,4,858,74.9961981,199,53,26,Cloudy,34.99089064,79.37883752,0,Yellow
2024-01-01 12:46:00,2,231,62.36951013,251,36,27,Sunny,22.39334488,65.19536403,0,Yellow
2024-01-01 12:47:00,5,735,38.5373594,362,90,42,Foggy,29.28574972,66.78235539,0,Green
2024-01-01 12:48:00,5,877,27.95867466,496,91,15,Windy,10.05460236,79.23368471,0,Yellow
2024-01-01 12:49:00,1,413,50.69814307,818,39,32,Sunny,32.21866012,50.57517952,0,Green
2024-01-01 12:50:00,5,237,20.32076965,595,33,47,Sunny,16.75005112,41.61800552,1,Red
2024-01-01 12:51:00,1,618,76.30482463,474,95,18,Sunny,26.69841861,41.90432184,0,Green
2024-01-01 12:52:00,4,592,44.88890716,251,78,20,Foggy,30.15888202,73.95718929,0,Green
2024-01-01 12:53:00,2,645,44.14009731,308,16,21,Sunny,14.10369351,66.84690927,0,Red
2024-01-01 12:54:00,2,713,43.43561645,232,32,8,Sunny,21.06273703,42.38033271,0,Red
2024-01-01 12:55:00,1,597,24.15969982,277,46,8,Windy,22.34589852,38.70392368,1,Red
2024-01-01 12:56:00,2,774,58.29933439,549,51,8,Foggy,17.80298663,37.24123831,1,Green
2024-01-01 12:57:00,5,975,63.98021718,706,79,26,Foggy,22.04389574,67.66791886,0,Yellow
2024-01-01 12:58:00,3,457,60.56752386,248,92,16,Sunny,17.93864144,30.00711869,0,Yellow
2024-01-01 12:59:00,1,925,28.3061296,245,8,43,Foggy,19.01869363,31.09916056,0,Yellow
2024-01-01 13:00:00,2,667,54.73041008,615,32,44,Rainy,26.73327947,53.37318814,0,Red
2024-01-01 13:01:00,1,463,54.16906905,822,59,7,Foggy,25.81483171,71.48099186,0,Red
2024-01-01 13:02:00,1,391,72.10464728,454,92,15,Foggy,15.80664314,71.70236259,0,Yellow
2024-01-01 13:03:00,3,269,42.7476595,777,76,17,Foggy,32.43707212,55.80709642,0,Red
2024-01-01 13:04:00,5,952,42.28915662,421,20,32,Cloudy,31.56971364,71.4644164,0,Green
2024-01-01 13:05:00,1,212,57.11162352,641,57,0,Cloudy,22.72708267,61.26577077,0,Green
2024-01-01 13:06:00,2,269,57.98435921,785,84,11,Cloudy,20.83126857,88.61588501,0,Red
2024-01-01 13:07:00,4,319,48.15711364,107,68,5,Foggy,19.42139957,39.74761283,0,Yellow
2024-01-01 13:08:00,1,681,46.58356174,603,9,40,Rainy,27.68169797,66.04003606,0,Yellow
2024-01-01 13:09:00,1,955,49.64886024,561,5,4,Foggy,26.79165143,59.47432656,0,Green
2024-01-01 13:10:00,3,897,71.66271797,703,12,15,Sunny,14.90451517,41.66798068,0,Red
2024-01-01 13:11:00,5,449,47.67001408,328,64,17,Rainy,26.78645078,74.99942593,0,Yellow
2024-01-01 13:12:00,4,231,76.39590752,362,19,48,Cloudy,16.31077985,46.5304812,1,Yellow
2024-01-01 13:13:00,2,667,50.24022582,455,56,17,Windy,10.46395841,52.90258915,0,Red
2024-01-01 13:14:00,4,778,76.95204159,196,45,0,Rainy,27.48021694,52.48983418,0,Red
2024-01-01 13:15:00,2,254,69.96991411,158,7,18,Cloudy,26.11984006,44.65226839,0,Yellow
2024-01-01 13:16:00,5,631,41.74587936,213,9,7,Rainy,20.27023156,55.8423199,0,Red
2024-01-01 13:17:00,2,605,71.81848528,205,72,2,Rainy,23.1421514,58.40075286,0,Red
2024-01-01 13:18:00,3,890,26.60379705,237,66,24,Foggy,33.67922979,74.65330037,0,Red
2024-01-01 13:19:00,3,862,75.50283052,183,10,4,Sunny,24.88000452,75.90411446,0,Yellow
2024-01-01 13:20:00,3,277,57.8986109,180,11,39,Windy,26.44709838,39.5133581,0,Green
2024-01-01 13:21:00,3,745,23.26344491,544,9,18,Cloudy,11.59778302,65.56633796,0,Red
2024-01-01 13:22:00,4,668,58.65540342,827,24,17,Rainy,14.14986152,83.7718679,0,Yellow
2024-01-01 13:23:00,5,645,78.45485925,620,48,49,Windy,17.52380691,36.52719653,0,Green
2024-01-01 13:24:00,2,899,24.18803928,855,48,30,Rainy,23.48448295,58.37484267,0,Yellow
2024-01-01 13:25:00,2,299,53.28126259,61,88,32,Sunny,29.4147724,75.02118734,0,Yellow
2024-01-01 13:26:00,3,924,64.86766099,229,10,46,Windy,18.03102194,66.68948006,0,Yellow
2024-01-01 13:27:00,3,490,68.6155152,760,61,17,Cloudy,18.90956076,36.0351394,0,Green
2024-01-01 13:28:00,1,582,44.82964792,881,35,38,Rainy,16.40377213,53.79636752,0,Yellow
2024-01-01 13:29:00,5,245,32.24999355,294,38,15,Sunny,16.36523323,60.43436989,1,Green
2024-01-01 13:30:00,4,739,22.54053673,298,52,15,Windy,33.72159615,89.7507361,0,Red
2024-01-01 13:31:00,2,978,54.78356943,270,89,46,Rainy,25.88642949,40.71647456,0,Green
2024-01-01 13:32:00,1,568,47.17466422,329,77,37,Rainy,13.89753109,88.94542603,0,Yellow
2024-01-01 13:33:00,1,119,76.92466371,739,55,40,Cloudy,28.05621445,52.56898705,0,Green
2024-01-01 13:34:00,2,688,23.63629446,852,0,6,Sunny,28.05052858,42.01922916,0,Yellow
2024-01-01 13:35:00,4,448,61.12372061,159,55,13,Foggy,26.6617549,54.84654493,0,Red
2024-01-01 13:36:00,1,721,21.49797333,811,3,42,Rainy,13.36801113,66.83970744,0,Green
2024-01-01 13:37:00,1,809,30.2860506,565,29,47,Windy,20.19978709,42.80984363,0,Red
2024-01-01 13:38:00,5,252,47.21474,840,11,24,Cloudy,12.66890826,47.486345,0,Green
2024-01-01 13:39:00,4,197,47.29234657,549,34,31,Cloudy,30.4155126,81.2727901,0,Yellow
2024-01-01 13:40:00,1,521,61.14203258,76,76,37,Rainy,26.37930358,89.9405677,0,Green
2024-01-01 13:41:00,4,704,74.61278209,131,51,21,Rainy,22.68009842,49.09036149,0,Red
2024-01-01 13:42:00,2,993,58.34192953,24,30,15,Rainy,18.57538691,38.93140824,0,Green
2024-01-01 13:43:00,3,248,77.21210587,429,86,28,Foggy,14.60623686,77.5902492,0,Red
2024-01-01 13:44:00,1,966,72.89693839,433,67,15,Rainy,12.66118972,66.02734124,0,Red
2024-01-01 13:45:00,5,475,55.06998773,201,51,11,Sunny,34.23101519,36.0240686,0,Yellow
2024-01-01 13:46:00,2,715,70.02751706,32,79,16,Windy,14.99121605,86.80628889,0,Green
2024-01-01 13:47:00,4,541,58.55465662,358,6,36,Rainy,11.49686567,34.6829717,0,Red
2024-01-01 13:48:00,2,937,24.71346986,816,21,26,Foggy,34.0416693,67.5213841,0,Yellow
2024-01-01 13:49:00,1,945,64.4338834,278,92,24,Windy,23.72379353,55.43623535,0,Yellow
2024-01-01 13:50:00,4,191,25.69450648,109,74,12,Cloudy,29.91641837,63.39743509,0,Yellow
2024-01-01 13:51:00,3,362,55.64496683,635,55,7,Rainy,11.09414618,42.79285174,0,Red
2024-01-01 13:52:00,2,214,62.15841235,717,96,4,Windy,24.17364644,71.28662396,0,Green
2024-01-01 13:53:00,1,363,23.99165649,269,57,11,Cloudy,19.9552491,87.58318135,0,Red
2024-01-01 13:54:00,5,70,33.84767924,274,92,40,Foggy,29.29911086,57.50555244,0,Yellow
2024-01-01 13:55:00,4,131,74.94033394,607,63,2,Sunny,10.96064114,61.37749665,0,Red
2024-01-01 13:56:00,2,630,56.97886953,127,11,34,Rainy,20.04226421,44.38870023,0,Red
2024-01-01 13:57:00,2,180,34.77716113,687,6,32,Sunny,29.97683549,83.51207903,0,Yellow
2024-01-01 13:58:00,3,648,61.44078627,613,54,21,Foggy,23.06743162,88.27046431,0,Green
2024-01-01 13:59:00,3,779,55.8065852,608,61,49,Windy,23.75096852,77.17781311,0,Yellow
2024-01-01 14:00:00,5,982,50.094542,504,89,43,Windy,12.42911705,62.56641013,0,Yellow
2024-01-01 14:01:00,5,354,78.5712185,277,72,8,Foggy,13.3082639,87.40780947,0,Red
2024-01-01 14:02:00,1,964,61.00722664,658,97,40,Foggy,26.92499013,39.23100332,0,Yellow
2024-01-01 14:03:00,1,420,42.52646658,301,76,17,Rainy,26.87616556,58.70945159,0,Red
2024-01-01 14:04:00,5,906,68.00440592,107,54,49,Cloudy,34.47758486,62.2563424,0,Yellow
2024-01-01 14:05:00,5,902,73.07499758,223,35,28,Sunny,27.7988247,59.51498519,0,Yellow
2024-01-01 14:06:00,4,433,27.51323357,35,88,38,Sunny,22.3310874,78.14509723,0,Green
2024-01-01 14:07:00,3,957,32.03317867,170,23,26,Windy,31.43319559,70.22417346,0,Yellow
2024-01-01 14:08:00,1,494,32.97362055,273,43,35,Windy,12.61182465,37.59950796,0,Green
2024-01-01 14:09:00,3,474,61.47270856,207,16,44,Rainy,21.23239552,50.78707844,0,Yellow
2024-01-01 14:10:00,3,210,56.1823733,348,1,16,Foggy,17.17772777,50.3446109,0,Yellow
2024-01-01 14:11:00,5,227,57.13949388,563,12,33,Sunny,12.61594517,63.93793157,0,Yellow
2024-01-01 14:12:00,4,678,76.44639798,802,30,45,Rainy,29.08755212,47.48750506,0,Green
2024-01-01 14:13:00,2,757,66.55469197,416,92,2,Windy,22.76980076,37.03630617,0,Red
2024-01-01 14:14:00,4,944,27.67621547,536,27,4,Windy,23.919218,69.22095994,0,Green
2024-01-01 14:15:00,4,539,40.85042495,478,59,13,Sunny,20.2813797,81.06221631,0,Yellow
2024-01-01 14:16:00,3,376,46.12361877,349,26,2,Windy,21.50843079,85.89648573,0,Red
2024-01-01 14:17:00,4,647,43.75769532,839,14,22,Windy,12.90043468,88.35470506,0,Yellow
2024-01-01 14:18:00,1,338,60.15851655,864,94,38,Cloudy,26.82294561,76.86701077,0,Green
2024-01-01 14:19:00,3,642,73.5135862,188,78,29,Foggy,20.81118399,38.3821457,0,Green
2024-01-01 14:20:00,1,713,38.36308781,712,32,49,Windy,30.41918933,81.18670945,0,Red
2024-01-01 14:21:00,2,622,53.11262819,385,19,44,Cloudy,14.90718,53.9976044,0,Green
2024-01-01 14:22:00,3,622,67.36456531,197,41,22,Rainy,15.12637734,73.79467883,0,Yellow
2024-01-01 14:23:00,2,403,44.97308353,674,11,26,Windy,26.14398929,61.8760803,0,Red
2024-01-01 14:24:00,3,77,30.0870877,381,72,9,Rainy,31.15008558,79.71636802,0,Yellow
2024-01-01 14:25:00,5,92,48.49705792,779,22,24,Windy,21.80494597,55.53034397,0,Red
2024-01-01 14:26:00,4,730,23.31335124,658,71,12,Sunny,28.17384672,33.70762864,0,Red
2024-01-01 14:27:00,5,472,76.54300724,794,95,15,Cloudy,34.98324804,63.40942265,0,Yellow
2024-01-01 14:28:00,2,647,24.48927231,59,13,40,Cloudy,34.75664099,40.27743328,0,Green
2024-01-01 14:29:00,4,226,46.30740292,435,90,33,Sunny,28.60842107,87.93105794,0,Yellow
2024-01-01 14:30:00,3,578,51.79287567,374,24,36,Foggy,28.48966224,61.61778395,0,Green
2024-01-01 14:31:00,4,659,79.11822994,274,76,21,Cloudy,16.19047218,63.21352763,0,Green
2024-01-01 14:32:00,1,543,29.96130942,162,84,16,Rainy,30.83849079,84.43594277,0,Yellow
2024-01-01 14:33:00,4,247,26.86589112,771,30,22,Cloudy,20.12755318,67.47511471,0,Red
2024-01-01 14:34:00,1,659,20.52236882,759,53,35,Foggy,34.04984775,48.16376263,0,Yellow
2024-01-01 14:35:00,4,626,29.33428621,872,4,48,Rainy,12.03569222,47.76567701,0,Red
2024-01-01 14:36:00,1,891,32.43637874,729,12,8,Rainy,20.89600922,60.09471899,0,Green
2024-01-01 14:37:00,2,902,57.83485649,596,27,1,Sunny,23.89601219,81.99649374,0,Red
2024-01-01 14:38:00,5,566,33.18240742,30,42,31,Windy,20.12890518,77.68376044,0,Yellow
2024-01-01 14:39:00,3,563,21.23124888,639,88,49,Sunny,15.26447976,87.76443516,0,Red
2024-01-01 14:40:00,4,71,69.59710073,45,98,21,Windy,24.82471222,34.31316737,0,Green
2024-01-01 14:41:00,5,161,41.93574206,440,46,42,Sunny,28.89794787,46.09956414,0,Green
2024-01-01 14:42:00,3,106,41.22180119,682,70,12,Windy,26.1209649,34.81246247,0,Red
2024-01-01 14:43:00,3,115,38.14874175,240,37,7,Cloudy,15.86122122,75.06475163,0,Green
2024-01-01 14:44:00,1,891,78.52239663,872,95,0,Rainy,28.29019861,38.45002135,0,Green
2024-01-01 14:45:00,2,147,30.20692504,515,66,16,Windy,16.42244515,35.99317908,0,Red
2024-01-01 14:46:00,2,193,73.89428384,256,61,11,Cloudy,14.38005907,63.70033243,0,Green
2024-01-01 14:47:00,5,929,66.60819993,256,38,3,Foggy,27.26670039,54.68908273,0,Red
2024-01-01 14:48:00,2,484,24.58879733,238,36,12,Sunny,31.06968115,72.90608033,0,Red
2024-01-01 14:49:00,4,686,79.20374609,506,85,30,Foggy,22.03848619,59.2209235,0,Green
2024-01-01 14:50:00,2,728,36.28195781,480,7,40,Cloudy,23.28479483,55.52007576,0,Red
2024-01-01 14:51:00,5,135,25.91497562,682,80,6,Foggy,17.56868926,55.53002692,0,Green
2024-01-01 14:52:00,2,637,69.75885405,654,51,22,Foggy,22.36545038,82.31258282,0,Green
2024-01-01 14:53:00,4,393,62.40053202,163,90,23,Cloudy,13.29957495,53.71353904,0,Green
2024-01-01 14:54:00,1,985,57.03312835,208,32,4,Rainy,33.89577074,50.00382767,0,Yellow
2024-01-01 14:55:00,5,343,29.35885182,274,80,4,Windy,30.00901634,50.31210462,0,Green
2024-01-01 14:56:00,1,620,48.70976698,87,41,16,Sunny,26.69932652,41.79604781,0,Red
2024-01-01 14:57:00,1,699,66.83336161,635,75,29,Windy,23.45485929,81.64133103,0,Red
2024-01-01 14:58:00,1,660,38.21743629,355,26,8,Sunny,29.80422841,38.7978489,0,Red
2024-01-01 14:59:00,3,753,38.70138971,690,7,5,Windy,22.36893099,84.51664427,0,Yellow
2024-01-01 15:00:00,3,292,20.18845436,840,22,24,Foggy,17.4993477,47.00806331,0,Yellow
2024-01-01 15:01:00,1,880,30.4546041,893,63,18,Rainy,14.00935588,83.96560933,0,Red
2024-01-01 15:02:00,5,610,72.52433751,428,92,15,Foggy,26.18963972,77.44923941,0,Red
2024-01-01 15:03:00,4,81,46.5047895,319,19,20,Rainy,33.23564363,64.91925126,0,Yellow
2024-01-01 15:04:00,4,440,79.05406995,621,15,1,Cloudy,13.84046384,70.16820024,0,Red
2024-01-01 15:05:00,2,326,43.74247781,376,16,9,Sunny,14.50045113,49.55064545,0,Green
2024-01-01 15:06:00,5,581,62.91118729,275,79,15,Sunny,20.84015084,64.45371686,0,Green
2024-01-01 15:07:00,3,203,36.91514257,372,18,36,Cloudy,30.1724837,47.54417404,0,Red
2024-01-01 15:08:00,1,432,41.82857847,751,7,14,Windy,17.34806822,54.13636883,0,Green
2024-01-01 15:09:00,2,117,31.44355926,540,37,12,Cloudy,16.34782312,75.87975331,0,Red
2024-01-01 15:10:00,4,927,40.82374211,543,37,12,Cloudy,25.49915729,44.63595383,0,Yellow
2024-01-01 15:11:00,3,933,52.83425123,856,52,31,Rainy,23.39036955,80.33076095,0,Red
2024-01-01 15:12:00,3,263,79.50637286,775,92,44,Cloudy,11.50550911,52.55297122,0,Yellow
2024-01-01 15:13:00,1,704,59.85210278,713,99,46,Sunny,12.03724943,61.93019765,0,Green
2024-01-01 15:14:00,4,425,31.95475726,303,89,45,Foggy,26.0753245,86.51762925,0,Green
2024-01-01 15:15:00,5,793,22.6976865,331,30,7,Rainy,21.62808998,70.87533781,0,Green
2024-01-01 15:16:00,3,262,27.58138888,118,43,42,Rainy,34.27442979,68.73624677,0,Red
2024-01-01 15:17:00,1,128,53.75331208,216,59,17,Windy,26.96328527,72.69646366,0,Yellow
2024-01-01 15:18:00,5,775,65.90961973,501,75,35,Foggy,10.25184155,85.08668033,0,Yellow
2024-01-01 15:19:00,4,677,76.42515244,897,16,25,Rainy,22.0254695,44.91082255,0,Green
2024-01-01 15:20:00,3,653,20.94939032,245,78,9,Cloudy,20.36119838,66.79447235,0,Green
2024-01-01 15:21:00,5,831,51.36560849,864,72,30,Rainy,12.6678465,54.02363126,0,Yellow
2024-01-01 15:22:00,5,972,48.25204137,634,38,32,Rainy,33.0802209,30.71131759,0,Red
2024-01-01 15:23:00,5,430,59.36330132,637,41,28,Rainy,30.12528248,37.51805378,0,Green
2024-01-01 15:24:00,3,729,53.57473127,384,47,4,Windy,15.75214771,49.49951372,0,Red
2024-01-01 15:25:00,3,107,61.22234903,387,11,12,Rainy,16.39951897,63.89999827,0,Green
2024-01-01 15:26:00,2,845,59.48495508,589,95,0,Rainy,10.80045133,82.8884866,0,Green
2024-01-01 15:27:00,4,75,27.02070349,609,88,22,Windy,17.41793629,77.46684709,0,Red
2024-01-01 15:28:00,1,930,67.98307482,94,17,39,Foggy,24.61555022,63.20002035,0,Red
2024-01-01 15:29:00,5,496,27.39395454,61,78,2,Sunny,20.52108471,34.43222507,0,Red
2024-01-01 15:30:00,2,115,61.91183751,441,95,2,Windy,34.23138659,47.15437742,0,Red
2024-01-01 15:31:00,1,970,44.96872206,855,5,6,Windy,11.40200423,52.00251887,0,Yellow
2024-01-01 15:32:00,2,809,50.83104407,200,42,35,Rainy,24.78575397,67.30303111,0,Yellow
2024-01-01 15:33:00,3,303,74.19788086,564,34,34,Rainy,31.45773601,33.89541738,0,Green
2024-01-01 15:34:00,5,948,73.39302359,90,97,14,Sunny,22.01852281,61.81161327,0,Green
2024-01-01 15:35:00,1,93,69.07137834,587,53,39,Rainy,10.07406801,84.08787457,0,Green
2024-01-01 15:36:00,1,146,50.60890283,124,61,2,Cloudy,16.0700375,72.32596174,0,Yellow
2024-01-01 15:37:00,1,603,64.17438861,219,68,28,Rainy,18.09422439,77.82460839,1,Red
2024-01-01 15:38:00,1,276,50.77382333,120,81,29,Rainy,34.14986236,70.9005389,1,Green
2024-01-01 15:39:00,1,823,72.17636495,787,15,38,Cloudy,32.79433205,42.39534673,0,Yellow
2024-01-01 15:40:00,2,728,44.16654999,326,7,17,Sunny,33.72926263,36.6290292,0,Green
2024-01-01 15:41:00,5,485,78.21412066,605,88,10,Cloudy,30.64396144,79.76944038,0,Yellow
2024-01-01 15:42:00,3,840,75.93936549,702,95,42,Windy,18.79119335,71.73026616,0,Red
2024-01-01 15:43:00,3,650,64.49615717,396,89,48,Cloudy,32.64691055,64.50369353,0,Yellow
2024-01-01 15:44:00,3,428,36.76495305,674,85,37,Foggy,34.54211265,41.3569719,0,Red
2024-01-01 15:45:00,3,227,27.89921533,697,30,39,Windy,18.75178281,66.20069792,0,Green
2024-01-01 15:46:00,2,476,71.28220701,418,9,0,Rainy,16.51389915,31.87930711,0,Red
2024-01-01 15:47:00,4,964,29.91813717,792,55,28,Windy,23.67290732,37.13034806,0,Yellow
2024-01-01 15:48:00,5,758,71.25564734,240,75,9,Sunny,14.67880481,48.71340899,0,Green
2024-01-01 15:49:00,1,356,49.4459004,614,91,27,Sunny,10.81560554,56.62429664,0,Green
2024-01-01 15:50:00,4,828,44.39340703,201,69,30,Cloudy,33.64577928,37.23386975,0,Yellow
2024-01-01 15:51:00,3,553,74.19144673,326,19,18,Windy,33.14351581,37.19641103,0,Red
2024-01-01 15:52:00,4,317,56.23105895,541,4,2,Rainy,14.06634634,73.55361964,0,Yellow
2024-01-01 15:53:00,5,635,54.59684043,415,22,35,Sunny,20.19350617,64.18316439,0,Red
2024-01-01 15:54:00,1,57,53.52595668,23,8,42,Rainy,30.77590783,62.02451885,0,Red
2024-01-01 15:55:00,1,969,42.27017096,882,57,14,Foggy,26.52500747,57.14606971,0,Green
2024-01-01 15:56:00,5,557,67.13858621,867,58,32,Sunny,19.86968773,88.59258638,0,Red
2024-01-01 15:57:00,5,525,35.16790664,823,92,40,Cloudy,28.60427493,32.98801697,0,Green
2024-01-01 15:58:00,3,346,76.3336976,300,79,42,Foggy,32.42618471,40.83763057,0,Yellow
2024-01-01 15:59:00,1,213,73.6391123,234,53,44,Windy,33.15395826,68.85046544,0,Yellow
2024-01-01 16:00:00,4,534,40.24881954,629,45,25,Rainy,19.4712403,38.18193923,0,Green
2024-01-01 16:01:00,2,646,63.76782619,439,21,15,Sunny,14.339017,65.36285628,0,Green
2024-01-01 16:02:00,2,121,54.39339167,120,63,35,Foggy,32.82097145,64.06567353,0,Red
2024-01-01 16:03:00,5,616,40.25895812,540,7,32,Foggy,12.31388615,88.26031102,0,Green
2024-01-01 16:04:00,3,954,79.31129888,592,19,19,Sunny,28.04220978,83.00318922,0,Yellow
2024-01-01 16:05:00,2,608,21.51424075,328,50,12,Windy,13.51243287,86.73320063,0,Green
2024-01-01 16:06:00,1,960,35.15876184,677,77,32,Windy,19.73467137,36.81614217,0,Green
2024-01-01 16:07:00,5,993,51.20444367,529,38,4,Cloudy,20.28889366,82.08890624,0,Green
2024-01-01 16:08:00,4,287,51.31718021,82,36,36,Windy,13.96894788,37.7454397,0,Red
2024-01-01 16:09:00,5,153,55.3359845,652,49,13,Cloudy,33.06703585,67.97593071,0,Green
2024-01-01 16:10:00,4,259,65.10057032,245,33,26,Foggy,10.0667042,73.20468964,0,Red
2024-01-01 16:11:00,5,603,57.40866983,124,74,22,Sunny,32.34521358,39.65120989,0,Red
2024-01-01 16:12:00,5,877,56.01688763,791,32,13,Windy,32.09573309,67.95956256,0,Green
2024-01-01 16:13:00,5,517,23.21086777,880,30,39,Cloudy,17.92409134,33.14762957,0,Red
2024-01-01 16:14:00,4,503,42.59181727,444,53,3,Foggy,27.60710675,47.59596514,0,Green
2024-01-01 16:15:00,4,317,33.92334438,274,43,38,Windy,16.32022278,85.26950964,0,Yellow
2024-01-01 16:16:00,5,435,35.9222067,448,33,18,Rainy,28.96933906,40.30386977,0,Yellow
2024-01-01 16:17:00,2,824,53.26024846,453,70,46,Foggy,24.02799354,33.91619955,0,Red
2024-01-01 16:18:00,3,897,31.9703189,226,61,3,Windy,17.50563636,56.62069198,0,Yellow
2024-01-01 16:19:00,3,436,37.63694606,47,22,29,Foggy,20.00586884,81.03709251,0,Green
2024-01-01 16:20:00,3,926,34.22508251,701,45,18,Sunny,27.24721831,34.60034292,0,Red
2024-01-01 16:21:00,4,308,76.91017659,355,55,30,Sunny,32.65243624,51.33212191,0,Green
2024-01-01 16:22:00,4,332,76.67994393,607,6,30,Sunny,13.26816291,83.98649007,0,Red
2024-01-01 16:23:00,2,675,56.59649352,647,88,8,Rainy,24.28409924,37.089333,0,Red
2024-01-01 16:24:00,3,924,75.47134812,88,60,12,Sunny,16.34322999,48.64011035,0,Red
2024-01-01 16:25:00,3,89,67.14875873,885,2,13,Rainy,30.03430625,76.70523669,0,Red
2024-01-01 16:26:00,5,535,55.39687297,765,37,45,Sunny,11.75593265,62.59265923,0,Yellow
2024-01-01 16:27:00,4,978,20.38611269,532,83,9,Foggy,27.22389475,79.93998844,0,Yellow
2024-01-01 16:28:00,3,269,66.35097716,186,33,47,Windy,14.37365034,36.69572358,0,Yellow
2024-01-01 16:29:00,2,178,62.1493005,883,43,30,Windy,24.90963546,85.23325028,0,Red
2024-01-01 16:30:00,2,569,56.9152192,749,29,36,Sunny,30.89231468,86.09470767,1,Yellow
2024-01-01 16:31:00,3,662,65.6254587,804,16,22,Windy,28.87701655,39.31878121,0,Red
2024-01-01 16:32:00,4,977,50.77532989,387,58,26,Sunny,28.82357219,32.03252786,0,Yellow
2024-01-01 16:33:00,2,941,62.24499628,270,9,5,Sunny,22.9461328,89.39048292,0,Red
2024-01-01 16:34:00,5,737,76.1103252,878,98,25,Cloudy,32.2686398,58.93509554,0,Yellow
2024-01-01 16:35:00,2,668,42.54830095,875,83,1,Cloudy,24.70262996,64.32452424,0,Yellow
2024-01-01 16:36:00,1,662,62.48731009,705,17,44,Cloudy,32.93794921,66.95428402,0,Yellow
2024-01-01 16:37:00,1,309,48.54126908,189,44,12,Rainy,23.66306145,77.38010777,0,Red
2024-01-01 16:38:00,4,415,60.46397911,777,90,49,Cloudy,22.64913908,78.71927814,0,Red
2024-01-01 16:39:00,3,807,65.77360013,109,58,18,Sunny,15.55882548,41.63551346,0,Yellow
2024-01-01 16:40:00,4,836,22.72715003,580,61,0,Foggy,23.61966635,44.19820444,0,Red
2024-01-01 16:41:00,4,593,58.79602664,465,58,39,Cloudy,13.51462078,82.60998174,0,Green
2024-01-01 16:42:00,4,698,33.60447106,313,48,31,Cloudy,31.74225503,79.17105629,0,Yellow
2024-01-01 16:43:00,4,573,60.20195227,169,99,21,Foggy,26.89729722,67.05716289,0,Yellow
2024-01-01 16:44:00,5,956,48.09981116,151,62,47,Sunny,34.84088621,89.68194955,1,Green
2024-01-01 16:45:00,5,863,66.41316451,452,86,28,Rainy,12.30243569,74.11103661,0,Red
2024-01-01 16:46:00,2,936,27.40404891,78,31,1,Cloudy,16.01681875,42.95020609,0,Red
2024-01-01 16:47:00,1,65,57.5793411,855,9,39,Foggy,31.92896511,80.79864386,1,Red
2024-01-01 16:48:00,4,178,36.70824374,218,10,37,Sunny,19.88135249,54.88395818,0,Yellow
2024-01-01 16:49:00,2,624,71.17891972,234,69,47,Windy,21.65757475,32.16915963,0,Yellow
2024-01-01 16:50:00,1,158,75.70301034,580,61,10,Rainy,31.51629718,49.28527667,0,Yellow
2024-01-01 16:51:00,3,936,79.78389762,491,46,16,Foggy,23.04558062,75.81307404,0,Yellow
2024-01-01 16:52:00,5,582,67.76044415,763,33,42,Foggy,14.83689624,87.61237243,0,Yellow
2024-01-01 16:53:00,1,719,65.22404423,266,99,7,Foggy,32.30075289,46.56818498,0,Red
2024-01-01 16:54:00,3,318,32.93004553,401,16,21,Cloudy,10.77654141,44.79097946,0,Green
2024-01-01 16:55:00,1,211,40.16042354,258,53,3,Windy,32.38490669,63.81699514,0,Red
2024-01-01 16:56:00,5,309,47.94095251,386,75,10,Rainy,11.26300567,78.70103398,0,Red
2024-01-01 16:57:00,5,973,66.40286287,187,84,7,Sunny,26.64623412,74.79154093,0,Yellow
2024-01-01 16:58:00,2,151,74.8979519,579,39,8,Sunny,11.79198449,63.59753415,0,Green
2024-01-01 16:59:00,4,555,31.348346,70,18,25,Windy,27.65532465,67.8833809,0,Green
2024-01-01 17:00:00,1,784,75.34204908,830,66,1,Foggy,10.84928303,44.52593744,0,Red
2024-01-01 17:01:00,1,620,61.73747914,629,81,15,Foggy,31.06144319,55.9544559,0,Green
2024-01-01 17:02:00,3,296,56.64624384,747,52,30,Foggy,21.64859877,45.32193759,0,Red
2024-01-01 17:03:00,5,689,31.99047628,708,63,5,Foggy,12.33634782,83.06507849,0,Red
2024-01-01 17:04:00,1,844,23.33150197,399,82,20,Foggy,27.67048613,36.75327044,0,Red
2024-01-01 17:05:00,5,886,54.10789391,493,46,25,Windy,22.23225394,70.78443347,0,Red
2024-01-01 17:06:00,1,586,59.090941,99,5,18,Cloudy,14.77372147,45.61699183,0,Yellow
2024-01-01 17:07:00,2,180,32.64688696,716,15,27,Rainy,10.39180935,58.53464458,0,Green
2024-01-01 17:08:00,4,402,53.38737235,386,71,7,Foggy,20.44995649,47.96476681,0,Yellow
2024-01-01 17:09:00,1,245,71.38960417,480,17,13,Cloudy,12.14073077,49.39471902,0,Yellow
2024-01-01 17:10:00,5,842,70.10395673,558,51,23,Sunny,12.35424246,45.62358082,0,Yellow
2024-01-01 17:11:00,2,965,75.64131084,471,47,47,Windy,16.68323871,75.16757527,0,Red
2024-01-01 17:12:00,1,979,41.95314857,483,42,43,Cloudy,25.76145743,51.94295143,0,Red
2024-01-01 17:13:00,3,715,39.08297435,497,38,36,Foggy,23.24776521,73.58142106,0,Yellow
2024-01-01 17:14:00,4,431,64.96556036,439,48,25,Foggy,11.72468271,57.36419581,0,Yellow
2024-01-01 17:15:00,1,694,45.86674431,726,11,30,Foggy,34.2107819,62.83476253,1,Green
2024-01-01 17:16:00,2,276,25.25291984,233,9,31,Cloudy,32.17921721,62.59724854,0,Yellow
2024-01-01 17:17:00,3,750,36.96806784,388,70,49,Foggy,16.48063718,88.55112476,0,Red
2024-01-01 17:18:00,2,525,45.11493713,873,54,40,Cloudy,13.0584644,52.02374734,0,Yellow
2024-01-01 17:19:00,2,526,37.55098553,133,0,1,Foggy,33.56007162,42.46104572,0,Green
2024-01-01 17:20:00,3,314,39.93233426,773,48,24,Sunny,21.52854445,84.70751642,0,Green
2024-01-01 17:21:00,2,421,37.62655437,522,35,43,Sunny,17.77917412,40.49035736,0,Yellow
2024-01-01 17:22:00,3,535,22.48995003,655,20,1,Rainy,22.25895088,80.06537075,0,Green
2024-01-01 17:23:00,1,483,58.22568205,836,36,41,Foggy,29.31860361,39.01289373,0,Green
2024-01-01 17:24:00,3,695,55.83754522,607,23,0,Foggy,14.20963246,69.52346005,0,Red
2024-01-01 17:25:00,3,260,59.20300991,330,54,35,Cloudy,29.18739584,39.0324488,0,Green
2024-01-01 17:26:00,4,621,31.53859376,488,24,11,Cloudy,28.7361697,85.38514915,0,Green
2024-01-01 17:27:00,3,989,37.7392725,843,6,8,Foggy,23.48370512,63.90049696,0,Yellow
2024-01-01 17:28:00,3,426,57.17695562,727,80,35,Rainy,31.64605722,49.75643035,0,Red
2024-01-01 17:29:00,1,444,55.97765411,882,92,40,Foggy,13.30358445,38.4193665,0,Green
2024-01-01 17:30:00,4,499,50.37981856,63,93,27,Cloudy,24.88697517,52.27153417,0,Yellow
2024-01-01 17:31:00,5,992,41.024795,434,70,37,Foggy,21.23357631,72.30120209,0,Yellow
2024-01-01 17:32:00,1,413,74.77586029,717,96,32,Cloudy,20.55730282,53.09705304,0,Yellow
2024-01-01 17:33:00,1,925,40.38621454,874,70,41,Foggy,16.31402678,44.76564817,0,Yellow
2024-01-01 17:34:00,5,506,47.33714939,265,23,45,Windy,19.30699142,64.6445669,0,Yellow
2024-01-01 17:35:00,3,774,60.68682986,103,10,21,Cloudy,12.7037689,55.06931117,0,Yellow
2024-01-01 17:36:00,2,777,52.58128585,226,72,24,Rainy,16.28997424,39.94837416,0,Green
2024-01-01 17:37:00,4,275,40.81315858,170,11,17,Windy,16.79912769,39.23927942,0,Red
2024-01-01 17:38:00,2,180,46.13868743,687,34,5,Foggy,28.01669669,72.44771941,0,Red
2024-01-01 17:39:00,5,637,67.66884907,547,62,17,Cloudy,11.21376068,88.48031373,0,Yellow
2024-01-01 17:40:00,1,525,36.68774933,184,67,15,Windy,26.2798077,43.98564425,0,Yellow
2024-01-01 17:41:00,1,847,28.53531439,164,99,14,Rainy,15.53524774,76.38891605,0,Red
2024-01-01 17:42:00,4,326,38.78979211,56,91,47,Cloudy,12.04653765,35.25640215,0,Green
2024-01-01 17:43:00,1,205,70.97205293,352,56,7,Windy,17.52015403,52.89455514,0,Yellow
2024-01-01 17:44:00,1,809,25.33938289,422,12,12,Windy,15.61182174,60.40128917,0,Red
2024-01-01 17:45:00,4,267,79.5017644,433,22,42,Windy,23.8008094,46.12481672,0,Red
2024-01-01 17:46:00,4,239,52.46017394,64,82,6,Sunny,18.93441009,61.77470499,0,Yellow
2024-01-01 17:47:00,5,466,79.09074464,421,38,16,Foggy,34.14984356,82.95686566,0,Red
2024-01-01 17:48:00,1,724,76.33978533,225,87,49,Cloudy,34.08873998,86.66627774,0,Green
2024-01-01 17:49:00,1,741,47.16882285,81,79,31,Cloudy,21.09288173,36.03341726,0,Red
2024-01-01 17:50:00,5,595,31.90946448,439,96,21,Cloudy,29.87718652,46.31075604,0,Yellow
2024-01-01 17:51:00,3,90,29.89308659,887,11,12,Windy,10.33171352,88.74803505,0,Yellow
2024-01-01 17:52:00,3,356,34.39936183,487,33,46,Foggy,23.69528962,46.22510462,0,Red
2024-01-01 17:53:00,3,992,62.60795843,839,70,22,Rainy,28.58247931,71.56244107,0,Red
2024-01-01 17:54:00,5,387,36.37699968,38,74,28,Cloudy,15.42358064,45.20722163,0,Yellow
2024-01-01 17:55:00,1,363,40.48551618,384,30,21,Foggy,11.52929388,51.3819356,0,Green
2024-01-01 17:56:00,5,124,46.92672824,319,92,0,Foggy,13.8979734,41.47673927,0,Red
2024-01-01 17:57:00,5,328,74.79396083,26,61,28,Sunny,21.04620218,81.37801162,0,Green
2024-01-01 17:58:00,3,225,31.36360507,780,12,47,Cloudy,22.65928552,82.95892583,0,Green
2024-01-01 17:59:00,2,945,20.30159316,447,30,4,Windy,19.52212805,47.81475047,0,Yellow
2024-01-01 18:00:00,1,711,23.60578462,136,1,34,Foggy,20.99934418,79.41538945,0,Yellow
2024-01-01 18:01:00,3,322,74.2859805,599,14,9,Foggy,21.75587399,51.494499,0,Yellow
2024-01-01 18:02:00,2,886,58.85098789,526,56,18,Rainy,29.23591654,35.94116537,0,Green
2024-01-01 18:03:00,2,669,36.38243716,565,74,36,Sunny,12.63104745,75.48458384,0,Yellow
2024-01-01 18:04:00,4,700,30.63155006,725,33,6,Foggy,29.22376168,65.78677493,0,Yellow
2024-01-01 18:05:00,1,911,37.6560042,344,67,45,Foggy,27.21568256,46.46294662,0,Green
2024-01-01 18:06:00,2,832,26.88781564,74,74,34,Windy,28.54152024,45.17998443,0,Green
2024-01-01 18:07:00,3,908,76.49197462,797,28,44,Windy,28.36170965,88.53740223,0,Green
2024-01-01 18:08:00,4,980,67.05237046,61,65,12,Rainy,21.7647954,81.75006245,0,Green
2024-01-01 18:09:00,1,338,47.74347061,316,15,9,Rainy,15.28500461,78.58789976,0,Red
2024-01-01 18:10:00,5,773,71.89775631,250,38,1,Rainy,23.41572261,37.68106252,0,Yellow
2024-01-01 18:11:00,3,942,34.96749226,472,76,5,Windy,33.94955134,75.31123645,0,Red
2024-01-01 18:12:00,2,321,63.02723411,413,36,7,Windy,24.71314203,42.87241327,1,Green
2024-01-01 18:13:00,2,979,71.36794994,541,80,35,Sunny,10.27617863,88.64333659,0,Green
2024-01-01 18:14:00,3,115,41.4061227,377,20,24,Cloudy,11.49277262,33.12535128,0,Green
2024-01-01 18:15:00,2,532,65.44786673,463,43,43,Cloudy,34.82158584,51.12830901,0,Green
2024-01-01 18:16:00,4,985,37.70434096,147,18,46,Sunny,11.79865898,55.71887045,1,Green
2024-01-01 18:17:00,1,297,37.93142812,710,70,39,Cloudy,11.151129,79.45217469,0,Yellow
2024-01-01 18:18:00,4,205,26.42343071,424,7,6,Windy,18.82560673,75.97336908,0,Red
2024-01-01 18:19:00,2,96,46.40348279,411,76,45,Cloudy,34.23293008,52.4995287,0,Red
2024-01-01 18:20:00,5,984,63.78271439,212,65,22,Windy,17.96687884,63.93361761,0,Yellow
2024-01-01 18:21:00,1,503,76.41324833,623,40,18,Sunny,20.24710327,80.13570982,0,Yellow
2024-01-01 18:22:00,1,250,56.22781952,762,74,45,Rainy,25.85192653,31.09197553,0,Yellow
2024-01-01 18:23:00,3,709,71.78813226,97,87,21,Sunny,10.60279598,78.13068597,0,Red
2024-01-01 18:24:00,3,173,69.34967896,104,69,12,Cloudy,32.44408944,86.81376152,0,Red
2024-01-01 18:25:00,5,50,30.40058318,49,60,20,Windy,22.98607544,31.92387129,0,Green
2024-01-01 18:26:00,1,808,49.14904573,744,25,0,Cloudy,21.67027265,32.73485922,0,Red
2024-01-01 18:27:00,5,904,27.01541213,68,70,18,Cloudy,31.51816656,50.67084033,0,Red
2024-01-01 18:28:00,3,689,60.92918969,796,82,32,Rainy,33.82691473,35.26617383,0,Yellow
2024-01-01 18:29:00,3,240,76.99398009,164,69,3,Cloudy,20.58563079,58.75656482,0,Red
2024-01-01 18:30:00,1,628,28.22536748,88,28,41,Rainy,14.31102698,73.72264111,0,Green
2024-01-01 18:31:00,4,565,64.03298785,77,65,2,Windy,30.39273175,64.0139541,0,Red
2024-01-01 18:32:00,2,491,57.93428905,716,18,26,Windy,20.08151053,41.78591454,0,Yellow
2024-01-01 18:33:00,3,970,55.01630222,593,67,40,Rainy,33.38863849,69.288678,0,Yellow
2024-01-01 18:34:00,3,864,43.40721408,498,57,34,Sunny,33.7474746,71.09126875,0,Green
2024-01-01 18:35:00,4,855,41.30789887,839,69,27,Windy,12.87072579,85.94675734,0,Green
2024-01-01 18:36:00,4,192,22.71495134,464,56,5,Sunny,33.91384918,38.80781384,0,Red
2024-01-01 18:37:00,5,240,33.0745225,315,36,5,Windy,19.20675814,71.54016989,0,Green
2024-01-01 18:38:00,5,582,20.91061294,697,60,43,Windy,26.15631294,84.68563313,0,Green
2024-01-01 18:39:00,2,276,54.88502633,190,91,22,Foggy,10.86875204,60.0938492,0,Yellow
2024-01-01 18:40:00,2,362,26.35119415,594,29,32,Cloudy,32.22210685,51.70798079,0,Yellow
2024-01-01 18:41:00,1,678,72.38116364,166,70,15,Cloudy,26.03993323,40.24496965,0,Red
2024-01-01 18:42:00,5,998,51.38858124,503,72,23,Sunny,26.08886167,82.00721319,1,Red
2024-01-01 18:43:00,3,351,61.98139454,325,24,4,Cloudy,32.554404,53.65478249,0,Red
2024-01-01 18:44:00,5,703,44.65142551,692,96,40,Sunny,22.70867937,85.4929466,0,Red
2024-01-01 18:45:00,3,509,53.63478854,672,64,41,Windy,20.26291601,80.86549789,0,Yellow
2024-01-01 18:46:00,4,450,76.55955062,865,5,12,Foggy,31.65321881,52.59839111,0,Red
2024-01-01 18:47:00,5,600,24.96404238,628,17,46,Foggy,28.5605128,64.43485854,0,Red
2024-01-01 18:48:00,4,442,35.23626632,465,9,11,Windy,33.72439162,31.63044218,1,Green
2024-01-01 18:49:00,2,916,66.79929961,240,91,4,Rainy,33.50304733,45.79328417,0,Red
2024-01-01 18:50:00,2,813,25.92423241,574,10,36,Rainy,19.55815411,72.61637091,0,Green
2024-01-01 18:51:00,1,894,24.53966623,823,96,30,Cloudy,21.17465725,70.67465675,0,Yellow
2024-01-01 18:52:00,5,256,41.69248393,397,64,27,Sunny,16.39962384,51.20216757,0,Red
2024-01-01 18:53:00,4,259,25.53007751,639,76,27,Foggy,26.51619723,78.51648191,0,Green
2024-01-01 18:54:00,3,164,55.10470653,285,83,29,Cloudy,19.11354925,44.15016311,0,Red
2024-01-01 18:55:00,2,786,33.57651505,114,64,17,Windy,29.65251617,57.67623199,0,Green
2024-01-01 18:56:00,2,695,73.74187779,281,51,43,Foggy,13.03876902,58.35183812,0,Red
2024-01-01 18:57:00,3,300,67.01000485,844,66,26,Sunny,12.91007128,50.44900613,0,Yellow
2024-01-01 18:58:00,4,268,61.98231237,90,81,34,Sunny,15.11138454,87.27996607,0,Yellow
2024-01-01 18:59:00,4,456,57.01664164,238,77,25,Rainy,12.10730471,71.80104201,0,Green
2024-01-01 19:00:00,5,492,71.80794382,552,30,38,Cloudy,25.50079019,62.35196012,0,Green
2024-01-01 19:01:00,5,652,33.38372369,111,90,48,Windy,13.68381915,60.6309056,0,Yellow
2024-01-01 19:02:00,1,403,72.38653057,146,16,17,Foggy,13.99907294,39.55776555,0,Red
2024-01-01 19:03:00,2,937,67.36953791,99,54,32,Sunny,10.35570559,52.33121382,0,Green
2024-01-01 19:04:00,5,607,64.88964958,843,92,24,Foggy,29.55225037,70.36639888,0,Yellow
2024-01-01 19:05:00,4,599,53.67534068,257,35,30,Windy,30.30740139,85.47421318,0,Green
2024-01-01 19:06:00,3,191,34.77464966,391,25,36,Foggy,14.05056041,78.98784356,0,Yellow
2024-01-01 19:07:00,4,661,45.41287496,505,52,1,Cloudy,28.48811086,48.02338824,0,Yellow
2024-01-01 19:08:00,2,550,67.61423927,713,16,32,Rainy,20.83862808,56.03739754,0,Green
2024-01-01 19:09:00,4,889,21.90670906,44,85,38,Foggy,15.98987207,34.97505124,0,Green
2024-01-01 19:10:00,1,751,66.92304616,175,24,42,Rainy,25.5346152,36.13033938,0,Yellow
2024-01-01 19:11:00,2,596,34.40424443,536,1,42,Windy,14.46210186,58.21382322,0,Red
2024-01-01 19:12:00,3,708,28.65855204,651,85,31,Rainy,28.92209019,61.81316441,0,Yellow
2024-01-01 19:13:00,1,591,26.94207909,808,4,17,Foggy,11.19038069,45.84162574,0,Red
2024-01-01 19:14:00,2,895,21.63500072,549,3,16,Foggy,33.97827332,68.56696135,1,Red
2024-01-01 19:15:00,3,556,51.41518911,729,35,33,Sunny,11.79688134,72.20284113,0,Red
2024-01-01 19:16:00,1,645,33.09559236,76,5,38,Foggy,24.48621048,47.9469679,0,Green
2024-01-01 19:17:00,1,930,79.36590595,624,20,6,Rainy,32.55485725,75.50548354,0,Yellow
2024-01-01 19:18:00,2,330,54.46620535,38,76,41,Sunny,10.29761172,42.33629514,0,Yellow
2024-01-01 19:19:00,5,473,28.27311616,403,88,34,Foggy,22.46286152,62.65508264,0,Red
2024-01-01 19:20:00,1,905,61.32575245,884,25,29,Foggy,18.75017411,78.25686561,0,Red
2024-01-01 19:21:00,1,319,73.86461399,212,54,11,Windy,24.50830476,62.22054514,0,Red
2024-01-01 19:22:00,3,203,64.71076972,256,38,34,Sunny,15.63643467,84.47776311,0,Yellow
2024-01-01 19:23:00,4,663,24.58639166,406,83,10,Windy,11.62248043,33.51007397,0,Red
2024-01-01 19:24:00,2,776,73.75305087,445,32,43,Windy,25.64832592,65.29883073,0,Yellow
2024-01-01 19:25:00,2,711,67.63576315,296,13,3,Windy,20.42123099,63.70532715,0,Yellow
2024-01-01 19:26:00,5,993,29.49823401,246,55,24,Cloudy,25.56213847,69.62119971,1,Green
2024-01-01 19:27:00,5,132,23.10715332,764,99,47,Windy,15.26347867,80.00441032,0,Red
2024-01-01 19:28:00,2,671,53.43863452,571,80,31,Rainy,18.46853157,73.55118506,0,Red
2024-01-01 19:29:00,5,996,29.36214868,342,20,19,Foggy,24.04203473,77.41696412,0,Red
2024-01-01 19:30:00,3,948,70.07545716,172,45,49,Cloudy,24.82781946,47.32900354,0,Green
2024-01-01 19:31:00,2,475,41.5000794,658,15,30,Windy,19.30787019,53.24984271,0,Red
2024-01-01 19:32:00,5,324,74.77354668,256,15,3,Foggy,17.00133014,67.60661844,0,Yellow
2024-01-01 19:33:00,2,762,53.94129033,74,83,37,Sunny,16.84251574,63.20768832,0,Red
2024-01-01 19:34:00,4,333,30.96034305,455,28,46,Sunny,14.36748379,87.6662325,0,Yellow
2024-01-01 19:35:00,1,222,28.37593204,703,91,0,Foggy,18.13512406,41.21007,0,Yellow
2024-01-01 19:36:00,2,376,54.58834625,128,7,2,Rainy,14.98600843,51.07670235,0,Yellow
2024-01-01 19:37:00,1,767,65.71301671,885,87,36,Foggy,25.84538516,64.365314,0,Yellow
2024-01-01 19:38:00,5,112,66.89033886,203,2,21,Foggy,24.22667496,82.0778262,0,Red
2024-01-01 19:39:00,1,122,36.54544427,387,88,16,Cloudy,19.56472059,85.76091148,0,Green
2024-01-01 19:40:00,2,812,32.25480553,217,18,13,Sunny,18.1457505,50.16217985,0,Green
2024-01-01 19:41:00,4,685,21.00537827,390,96,40,Sunny,15.940355,34.02650769,0,Yellow
2024-01-01 19:42:00,5,424,60.75194907,392,65,34,Windy,23.38645772,55.29718188,0,Red
2024-01-01 19:43:00,2,682,24.59409551,516,78,12,Foggy,32.97256911,53.66064859,0,Green
2024-01-01 19:44:00,5,557,45.24567211,618,85,34,Foggy,27.14257628,89.18922408,0,Red
2024-01-01 19:45:00,3,836,56.10092984,220,73,42,Rainy,28.61036785,55.86367466,0,Green
2024-01-01 19:46:00,1,992,76.2265367,868,81,1,Sunny,30.85944659,48.34337996,0,Yellow
2024-01-01 19:47:00,3,447,38.70812822,528,21,46,Rainy,18.79087433,51.92264247,0,Yellow
2024-01-01 19:48:00,2,169,34.98632975,341,45,12,Cloudy,11.57189455,53.81557684,0,Yellow
2024-01-01 19:49:00,4,983,59.24960926,294,90,15,Windy,25.56397008,79.29242293,0,Green
2024-01-01 19:50:00,5,486,57.15434192,230,12,17,Rainy,14.71680728,34.86089357,0,Red
2024-01-01 19:51:00,1,878,39.926587,523,32,6,Sunny,24.22609125,48.99042293,0,Yellow
2024-01-01 19:52:00,5,725,75.68611013,137,4,44,Cloudy,28.48775583,87.97910951,0,Red
2024-01-01 19:53:00,2,985,70.69173965,722,89,35,Foggy,29.59095755,39.18615029,0,Red
2024-01-01 19:54:00,5,514,33.43895275,573,76,40,Cloudy,17.54597801,74.55607929,0,Yellow
2024-01-01 19:55:00,1,335,34.34855273,61,26,29,Rainy,22.81083081,51.38361007,0,Green
2024-01-01 19:56:00,2,314,50.73802081,334,77,41,Sunny,25.52412741,64.90713157,0,Yellow
2024-01-01 19:57:00,5,369,66.4143261,807,23,40,Rainy,30.48701804,35.97288231,0,Yellow
2024-01-01 19:58:00,4,722,22.64242276,348,66,6,Foggy,29.03471663,48.38470004,0,Green
2024-01-01 19:59:00,2,425,61.60010922,36,62,14,Foggy,34.69938302,60.0518965,0,Red
2024-01-01 20:00:00,2,869,58.89415384,302,93,39,Sunny,10.20211691,43.90203949,0,Green
2024-01-01 20:01:00,4,138,33.88880575,277,98,18,Windy,20.93723602,62.51219658,0,Green
2024-01-01 20:02:00,3,703,60.88118079,594,47,42,Cloudy,16.40111216,43.18555884,1,Yellow
2024-01-01 20:03:00,1,252,76.41099148,593,62,36,Cloudy,12.99733468,69.00603316,0,Green
2024-01-01 20:04:00,3,870,22.8071507,631,77,1,Foggy,32.7878832,84.26126042,0,Green
2024-01-01 20:05:00,5,788,39.17912332,38,11,41,Rainy,34.94905165,35.12931824,0,Green
2024-01-01 20:06:00,4,383,46.290603,548,27,47,Rainy,14.5149052,42.99696215,0,Red
2024-01-01 20:07:00,3,271,73.95562154,856,43,12,Windy,10.96083482,80.66538164,0,Red
2024-01-01 20:08:00,2,90,77.7356868,442,92,39,Rainy,16.87636119,67.89320913,0,Yellow
2024-01-01 20:09:00,5,757,46.64691479,485,42,40,Cloudy,30.87154795,34.72253503,0,Yellow
2024-01-01 20:10:00,5,117,65.00170473,392,16,42,Rainy,17.34725208,59.18100691,0,Red
2024-01-01 20:11:00,3,825,51.89966143,777,39,42,Windy,11.42253701,42.5855109,0,Green
2024-01-01 20:12:00,3,563,52.26697608,782,48,30,Cloudy,11.3123046,41.94578364,0,Yellow
2024-01-01 20:13:00,4,922,36.6859709,100,84,15,Rainy,20.68557006,86.4387206,0,Yellow
2024-01-01 20:14:00,1,686,33.01737475,570,56,41,Cloudy,33.29564308,75.69249288,0,Green
2024-01-01 20:15:00,3,671,37.28032076,567,86,43,Foggy,17.14801104,71.77383561,0,Green
2024-01-01 20:16:00,3,647,53.37968044,443,83,5,Foggy,20.67894202,44.33572902,0,Green
2024-01-01 20:17:00,2,986,21.74931116,448,63,27,Foggy,12.54834513,37.11440598,0,Green
2024-01-01 20:18:00,5,681,74.43493666,407,74,31,Rainy,22.33931983,82.24995728,1,Green
2024-01-01 20:19:00,1,176,29.37702257,728,56,43,Windy,27.41367661,30.35277416,0,Red
2024-01-01 20:20:00,2,304,33.20532061,689,97,9,Cloudy,16.77875903,53.28578542,1,Green
2024-01-01 20:21:00,4,744,51.09657059,223,73,49,Sunny,17.41778271,46.65675018,0,Yellow
2024-01-01 20:22:00,4,65,62.60688598,215,73,17,Foggy,31.04937564,64.22257202,0,Red
2024-01-01 20:23:00,3,526,25.74374328,747,69,3,Foggy,10.25909306,45.03050615,0,Yellow
2024-01-01 20:24:00,3,111,39.06168185,304,99,8,Sunny,25.91176771,48.67232156,0,Green
2024-01-01 20:25:00,4,930,78.12047633,215,87,6,Sunny,19.84711587,81.0023913,0,Yellow
2024-01-01 20:26:00,3,481,35.74057801,326,75,49,Rainy,17.45951284,66.1913294,0,Green
2024-01-01 20:27:00,1,719,38.7830087,683,42,7,Cloudy,26.43984581,38.74095164,0,Yellow
2024-01-01 20:28:00,3,317,70.18990944,33,22,42,Foggy,30.86671304,73.58829261,0,Yellow
2024-01-01 20:29:00,5,84,23.0128659,856,26,6,Windy,23.95980291,42.44755209,1,Green
2024-01-01 20:30:00,3,828,47.87679013,165,57,40,Rainy,10.77736555,55.98029581,1,Yellow
2024-01-01 20:31:00,2,625,42.77700587,76,36,39,Rainy,21.53502977,68.79643421,1,Red
2024-01-01 20:32:00,1,543,38.99520559,742,5,2,Windy,21.56899852,46.31577225,1,Yellow
2024-01-01 20:33:00,2,611,37.14197564,799,64,16,Windy,23.59496237,53.04640888,0,Red
2024-01-01 20:34:00,2,518,25.48244629,229,5,1,Windy,26.77397253,74.04897584,1,Red
2024-01-01 20:35:00,5,816,38.88954976,548,49,14,Sunny,10.48296009,86.27465721,0,Yellow
2024-01-01 20:36:00,1,710,22.58314416,817,21,45,Foggy,22.55031561,61.75470342,0,Red
2024-01-01 20:37:00,1,374,66.85783182,363,87,28,Sunny,24.70769423,30.59825829,0,Red
2024-01-01 20:38:00,1,353,43.89366764,734,24,49,Foggy,18.58383466,50.30782507,0,Yellow
2024-01-01 20:39:00,1,325,46.63422994,630,78,47,Sunny,26.70913066,53.91806009,0,Green
2024-01-01 20:40:00,1,918,73.61567519,298,89,21,Cloudy,15.70444293,50.3504172,0,Green
2024-01-01 20:41:00,5,733,59.48329903,228,71,3,Foggy,17.93430833,56.17613167,0,Red
2024-01-01 20:42:00,3,978,20.4835462,660,50,5,Rainy,34.06888369,67.95997523,0,Red
2024-01-01 20:43:00,2,250,76.59048938,354,87,37,Foggy,18.70175927,37.26768162,1,Green
2024-01-01 20:44:00,1,494,34.22866796,307,47,25,Foggy,18.66252218,46.35783053,0,Red
2024-01-01 20:45:00,3,954,26.45685109,271,69,10,Foggy,24.8920159,60.45888516,0,Green
2024-01-01 20:46:00,3,373,66.0876907,284,98,25,Cloudy,34.27438325,48.93439849,0,Yellow
2024-01-01 20:47:00,2,84,50.02863895,290,64,16,Sunny,34.57701115,89.46512029,0,Red
2024-01-01 20:48:00,5,531,46.02623396,719,59,23,Rainy,24.49144909,55.88588802,0,Yellow
2024-01-01 20:49:00,4,777,34.97018478,438,45,27,Sunny,10.0271755,82.18794922,0,Green
2024-01-01 20:50:00,4,529,52.84828939,745,35,34,Sunny,32.51641377,83.79059014,1,Green
2024-01-01 20:51:00,3,114,36.46307631,814,57,30,Windy,24.25594911,80.16041998,0,Yellow
2024-01-01 20:52:00,2,57,74.09498032,230,75,12,Cloudy,19.14991021,32.81389446,0,Red
2024-01-01 20:53:00,4,350,32.91226878,384,37,34,Windy,30.72987853,86.8648039,0,Yellow
2024-01-01 20:54:00,3,392,73.06130903,95,10,15,Cloudy,19.99581148,37.72455373,0,Yellow
2024-01-01 20:55:00,5,480,53.56432554,679,11,14,Sunny,10.85111266,32.06421766,0,Red
2024-01-01 20:56:00,4,473,69.70928803,340,41,42,Sunny,30.52680558,54.86217647,0,Green
2024-01-01 20:57:00,3,381,62.77075975,744,38,17,Cloudy,23.64648503,41.67804197,0,Yellow
2024-01-01 20:58:00,3,487,61.80170669,452,70,46,Sunny,18.45358846,41.05179178,0,Yellow
2024-01-01 20:59:00,1,637,39.46074846,128,10,36,Sunny,16.27230941,47.2691768,0,Green
2024-01-01 21:00:00,5,223,34.03381589,660,35,47,Rainy,24.84493649,44.90433631,0,Yellow
2024-01-01 21:01:00,1,608,32.65317366,541,51,47,Windy,15.20123871,71.08772413,0,Green
2024-01-01 21:02:00,2,576,71.43149942,66,30,48,Windy,18.09627216,41.2066384,0,Red
2024-01-01 21:03:00,1,922,69.22560922,398,32,40,Windy,25.91325774,62.58709831,0,Green
2024-01-01 21:04:00,1,708,46.43441168,846,12,26,Foggy,32.03861126,89.18559277,0,Green
2024-01-01 21:05:00,4,75,27.94427681,115,17,34,Rainy,23.32225821,55.94294526,0,Yellow
2024-01-01 21:06:00,3,869,42.93513512,122,40,44,Windy,28.97765996,68.51238653,0,Green
2024-01-01 21:07:00,5,654,57.16060725,873,57,34,Windy,29.07651509,88.16230066,1,Green
2024-01-01 21:08:00,1,455,47.26418927,165,55,27,Rainy,26.60884882,38.25833988,0,Yellow
2024-01-01 21:09:00,5,281,66.81135611,899,23,38,Sunny,16.14595844,55.11642056,0,Green
2024-01-01 21:10:00,1,582,79.85736934,46,72,37,Windy,31.66971495,81.01154401,0,Yellow
2024-01-01 21:11:00,2,868,31.46792531,751,30,8,Sunny,20.90689139,85.93834096,0,Red
2024-01-01 21:12:00,1,599,47.57904918,549,54,11,Windy,11.1052686,66.07416348,0,Green
2024-01-01 21:13:00,4,837,45.85903412,698,9,14,Cloudy,16.11531675,38.60523615,0,Red
2024-01-01 21:14:00,3,554,38.26955196,101,59,20,Foggy,29.13870885,84.08829504,0,Green
2024-01-01 21:15:00,2,718,31.885731,447,1,34,Windy,11.7283334,40.46679397,0,Green
2024-01-01 21:16:00,1,228,23.94152699,603,14,41,Cloudy,13.68411005,51.1726709,0,Red
2024-01-01 21:17:00,5,181,73.22715903,841,2,32,Rainy,27.3556704,52.53047867,0,Red
2024-01-01 21:18:00,2,872,45.19092186,498,42,18,Cloudy,32.31501974,56.83749239,0,Yellow
2024-01-01 21:19:00,2,504,49.81373111,785,30,22,Rainy,25.84330013,77.40994896,0,Yellow
2024-01-01 21:20:00,1,397,75.01652289,181,69,12,Windy,15.55727635,78.12866269,0,Red
2024-01-01 21:21:00,2,589,66.57742865,858,66,43,Rainy,11.33534408,73.1793044,0,Green
2024-01-01 21:22:00,5,821,27.83007585,421,55,0,Cloudy,25.37816456,31.32772047,0,Yellow
2024-01-01 21:23:00,2,455,53.92519806,527,62,28,Foggy,11.18496445,63.89070613,0,Green
2024-01-01 21:24:00,5,125,46.53513659,57,74,23,Sunny,25.3180513,74.84957735,1,Yellow
2024-01-01 21:25:00,1,990,67.83266435,530,14,15,Sunny,15.6394986,56.6775144,0,Yellow
2024-01-01 21:26:00,3,628,63.45395286,412,91,24,Foggy,32.61640156,86.69616272,0,Yellow
2024-01-01 21:27:00,2,903,61.42434331,732,9,22,Sunny,21.87731671,79.42863131,0,Red
2024-01-01 21:28:00,3,541,40.43269013,513,37,27,Windy,15.59846083,68.28930393,0,Green
2024-01-01 21:29:00,5,243,68.29782382,219,46,46,Windy,31.32863291,33.74551102,0,Red
2024-01-01 21:30:00,2,211,23.14347774,274,56,15,Cloudy,16.35088496,69.14077485,0,Yellow
2024-01-01 21:31:00,4,396,29.57749409,198,49,42,Cloudy,17.66497691,84.69477608,0,Red
2024-01-01 21:32:00,3,410,40.13739638,566,70,37,Rainy,30.85694748,52.76672321,0,Red
2024-01-01 21:33:00,2,818,24.60844646,613,14,10,Cloudy,17.71980075,80.28795154,1,Red
2024-01-01 21:34:00,3,633,34.09965665,408,17,2,Windy,20.25409423,48.78966857,0,Green
2024-01-01 21:35:00,2,136,69.80905898,417,81,14,Cloudy,18.69164177,64.20619749,0,Red
2024-01-01 21:36:00,1,983,76.89509227,751,87,0,Sunny,12.91000795,68.9054651,0,Red
2024-01-01 21:37:00,3,311,38.27614135,177,1,6,Rainy,10.97239531,70.67970225,0,Red
2024-01-01 21:38:00,4,263,35.87094824,23,83,0,Rainy,28.11351685,82.95295887,1,Red
2024-01-01 21:39:00,4,714,36.79355913,186,97,48,Windy,26.1284281,44.07733602,0,Red
2024-01-01 21:40:00,5,771,36.66314524,487,42,31,Cloudy,17.05915169,45.74217512,0,Red
2024-01-01 21:41:00,2,962,22.15581093,428,25,8,Sunny,17.38997812,72.2424596,0,Red
2024-01-01 21:42:00,3,622,75.61498078,431,70,28,Cloudy,33.62514458,40.63162875,0,Yellow
2024-01-01 21:43:00,5,829,32.82188849,223,37,25,Foggy,34.69177818,57.8562243,0,Red
2024-01-01 21:44:00,3,311,45.20024444,213,93,22,Cloudy,21.83587258,31.20206304,0,Red
2024-01-01 21:45:00,2,779,20.58121296,254,41,44,Windy,30.06129364,38.45876022,0,Green
2024-01-01 21:46:00,4,332,71.47730545,737,4,42,Cloudy,28.4171469,70.7307831,0,Yellow
2024-01-01 21:47:00,1,697,63.86944067,169,10,28,Rainy,17.43294274,74.84769621,0,Red
2024-01-01 21:48:00,4,516,76.80536211,178,64,37,Sunny,11.46406776,36.91914199,0,Green
2024-01-01 21:49:00,5,429,66.89692875,298,33,32,Windy,13.56390643,43.66257302,0,Red
2024-01-01 21:50:00,1,411,38.82239072,835,0,6,Foggy,30.95735293,35.93426679,0,Red
2024-01-01 21:51:00,5,498,34.87240152,423,82,11,Sunny,28.2803455,56.00477064,0,Red
2024-01-01 21:52:00,2,490,61.86297845,697,1,30,Sunny,26.60837111,37.56696424,0,Red
2024-01-01 21:53:00,1,142,41.8467665,330,84,31,Rainy,13.26622079,56.23776103,0,Red
2024-01-01 21:54:00,5,670,53.97290095,87,19,19,Rainy,25.99826719,73.92589535,0,Green
2024-01-01 21:55:00,2,802,20.37544826,482,60,16,Rainy,29.30380829,71.00331799,0,Red
2024-01-01 21:56:00,4,916,23.7131421,107,86,35,Windy,31.51504375,46.82762921,0,Green
2024-01-01 21:57:00,2,473,52.12207647,236,20,2,Cloudy,10.33078198,70.42575295,0,Red
2024-01-01 21:58:00,3,191,53.96429879,20,87,0,Sunny,27.11187755,85.66272785,0,Green
2024-01-01 21:59:00,2,340,65.08717667,154,67,49,Cloudy,10.47744139,50.85146323,0,Yellow
2024-01-01 22:00:00,2,481,27.91791918,716,11,26,Cloudy,27.67182114,49.74714922,1,Red
2024-01-01 22:01:00,3,798,50.79098503,370,21,46,Rainy,25.89053412,64.28631909,0,Yellow
2024-01-01 22:02:00,5,901,31.66685867,159,19,39,Cloudy,13.70869657,44.73010866,0,Yellow
2024-01-01 22:03:00,5,873,25.59176717,637,81,32,Sunny,29.15304378,69.09473568,0,Yellow
2024-01-01 22:04:00,2,738,44.62974764,152,0,19,Sunny,11.70869045,79.93570624,0,Red
2024-01-01 22:05:00,3,702,29.80019889,639,29,13,Foggy,30.65996934,57.55911031,0,Yellow
2024-01-01 22:06:00,3,750,33.30691869,197,96,35,Windy,16.54823112,70.7704395,0,Green
2024-01-01 22:07:00,4,98,39.05327479,829,23,4,Cloudy,27.22129656,69.11312543,0,Red
2024-01-01 22:08:00,5,351,35.56330404,377,13,22,Windy,33.09223353,32.31993371,0,Yellow
2024-01-01 22:09:00,1,930,25.25547784,399,35,44,Windy,18.49567562,41.00497771,0,Red
2024-01-01 22:10:00,5,239,25.39497469,890,68,14,Windy,22.57235195,83.61180011,0,Yellow
2024-01-01 22:11:00,5,185,31.59496491,677,74,5,Windy,21.57795085,86.33352884,0,Green
2024-01-01 22:12:00,4,604,23.03355128,469,23,32,Sunny,13.94028373,76.82637839,0,Red
2024-01-01 22:13:00,1,453,57.58742118,605,59,18,Cloudy,24.75780026,85.2748889,0,Red
2024-01-01 22:14:00,4,941,37.23960299,482,94,12,Foggy,28.57504796,48.36891906,0,Yellow
2024-01-01 22:15:00,1,914,36.78475807,127,54,28,Windy,32.92187072,44.86265831,0,Green
2024-01-01 22:16:00,2,651,39.91989765,141,76,5,Foggy,31.27006504,53.05801125,0,Red
2024-01-01 22:17:00,1,856,59.76777645,36,79,14,Sunny,22.75048449,33.32051991,0,Yellow
2024-01-01 22:18:00,4,390,72.23803289,215,23,15,Sunny,27.97542886,78.59229714,0,Green
2024-01-01 22:19:00,5,806,65.54521595,346,76,23,Rainy,30.01958533,89.05052911,0,Green
2024-01-01 22:20:00,1,994,63.65175381,337,23,22,Windy,22.33721784,79.44175755,1,Green
2024-01-01 22:21:00,1,753,49.06347114,828,53,47,Rainy,12.88568902,63.29852009,0,Green
2024-01-01 22:22:00,3,367,61.62833342,498,25,9,Foggy,20.9482691,47.71691823,0,Red
2024-01-01 22:23:00,5,667,53.16574208,271,65,40,Cloudy,31.06195096,41.86187331,1,Red
2024-01-01 22:24:00,2,412,32.97503169,522,79,40,Rainy,24.91603513,51.84377231,0,Green
2024-01-01 22:25:00,4,871,32.51530206,138,37,48,Sunny,28.11145943,70.01817177,0,Yellow
2024-01-01 22:26:00,2,431,37.78352041,693,64,16,Windy,14.63170055,56.82369333,0,Yellow
2024-01-01 22:27:00,5,282,74.64816026,729,74,48,Foggy,34.10844421,86.04358921,0,Green
2024-01-01 22:28:00,1,826,52.84489042,517,50,43,Sunny,20.10201324,81.25322058,0,Green
2024-01-01 22:29:00,1,393,64.03432262,505,34,44,Cloudy,26.34088807,36.14403696,0,Yellow
2024-01-01 22:30:00,5,598,40.79352559,64,42,29,Windy,10.47180636,37.89151343,1,Green
2024-01-01 22:31:00,1,866,44.46294624,333,28,43,Cloudy,13.18298156,70.57435112,0,Green
2024-01-01 22:32:00,1,602,27.53393472,198,36,45,Cloudy,29.55085675,43.8461034,0,Red
2024-01-01 22:33:00,1,578,30.27769747,437,80,9,Windy,34.19923614,77.46179262,0,Red
2024-01-01 22:34:00,4,905,69.64139329,575,57,18,Windy,18.00138388,65.48148854,0,Green
2024-01-01 22:35:00,4,838,55.0903179,802,53,28,Cloudy,10.92951837,43.78983166,0,Green
2024-01-01 22:36:00,3,868,40.25194795,97,38,1,Foggy,19.02166505,58.72120785,0,Red
2024-01-01 22:37:00,2,620,68.17107254,345,41,35,Windy,10.43670326,54.36457754,0,Green
2024-01-01 22:38:00,5,984,34.79119434,709,27,18,Sunny,14.80932731,82.38956155,0,Red
2024-01-01 22:39:00,5,232,78.56196192,376,28,6,Rainy,28.81180038,31.9297485,1,Red
2024-01-01 22:40:00,5,90,40.68905646,435,42,25,Foggy,33.42720995,83.75063343,0,Yellow
2024-01-01 22:41:00,3,600,40.23865725,534,2,14,Windy,12.18622711,69.12496097,0,Red
2024-01-01 22:42:00,4,446,38.71471433,233,9,46,Windy,23.94751947,74.25229125,0,Yellow
2024-01-01 22:43:00,3,753,27.32669096,873,58,37,Foggy,16.34702115,30.1564478,0,Yellow
2024-01-01 22:44:00,5,828,26.66822884,93,13,2,Rainy,13.47647814,67.69436604,0,Red
2024-01-01 22:45:00,2,543,58.88630207,582,75,37,Cloudy,15.47450575,65.30916982,0,Green
2024-01-01 22:46:00,1,708,72.50708267,598,46,15,Sunny,24.44407669,62.23233338,0,Red
2024-01-01 22:47:00,4,956,67.43123062,528,41,1,Windy,11.62836254,77.1520114,0,Yellow
2024-01-01 22:48:00,4,382,28.46645564,351,93,30,Rainy,20.8554649,63.35226578,0,Red
2024-01-01 22:49:00,3,176,52.73492731,112,31,27,Sunny,13.38069627,81.42583137,0,Red
2024-01-01 22:50:00,4,607,26.33549276,707,31,6,Foggy,16.81692631,43.95788918,0,Yellow
2024-01-01 22:51:00,5,606,22.71767862,676,41,29,Windy,14.76885824,78.35895534,0,Red
2024-01-01 22:52:00,5,50,59.38315156,538,31,42,Cloudy,32.0743875,40.75876637,0,Red
2024-01-01 22:53:00,3,217,52.10914002,288,25,6,Foggy,27.70028327,78.78706752,0,Yellow
2024-01-01 22:54:00,5,669,24.92142111,395,0,35,Windy,31.71156447,86.42781113,0,Green
2024-01-01 22:55:00,2,68,22.09635478,853,55,28,Rainy,19.58657086,50.14164854,0,Yellow
2024-01-01 22:56:00,3,381,79.3853848,23,1,23,Sunny,17.83533412,61.79317884,0,Yellow
2024-01-01 22:57:00,2,633,21.80127993,157,80,38,Sunny,19.51467987,69.49974138,0,Red
2024-01-01 22:58:00,1,505,46.67169518,250,29,3,Windy,10.46370489,34.76829995,0,Yellow
2024-01-01 22:59:00,2,158,50.27714148,619,70,28,Foggy,28.11760688,59.64484309,0,Red
2024-01-01 23:00:00,1,317,27.03680887,548,51,43,Cloudy,18.74431142,51.6350986,0,Red
2024-01-01 23:01:00,1,494,30.14370671,71,90,4,Rainy,17.83309509,82.34733788,0,Red
2024-01-01 23:02:00,2,289,41.10830038,665,8,28,Windy,24.95352663,82.60077112,0,Yellow
2024-01-01 23:03:00,3,978,65.70055257,742,21,29,Rainy,20.90624779,72.04677237,0,Yellow
2024-01-01 23:04:00,5,350,50.42494544,344,33,28,Sunny,34.52108421,69.34346848,0,Red
2024-01-01 23:05:00,5,651,58.27411247,750,48,25,Cloudy,18.90632607,74.02130756,0,Green
2024-01-01 23:06:00,1,152,79.11047331,736,0,18,Rainy,25.34739606,51.95921406,0,Green
2024-01-01 23:07:00,1,299,66.08032612,742,72,25,Windy,17.79127752,54.27115481,0,Yellow
2024-01-01 23:08:00,3,502,46.06168989,296,83,36,Cloudy,34.76487451,63.22228337,0,Red
2024-01-01 23:09:00,4,569,46.78651531,555,52,26,Foggy,21.12777587,86.28168764,0,Red
2024-01-01 23:10:00,2,202,57.12632462,505,82,29,Windy,25.85322027,73.43999245,0,Yellow
2024-01-01 23:11:00,1,908,59.92191251,535,99,29,Rainy,13.16804177,63.05935467,0,Green
2024-01-01 23:12:00,5,223,50.04265555,171,39,2,Cloudy,28.32560537,76.22478089,0,Yellow
2024-01-01 23:13:00,3,392,58.69167337,502,44,42,Windy,16.73025145,52.25341873,0,Yellow
2024-01-01 23:14:00,2,719,21.41194966,278,67,6,Cloudy,21.21533132,73.82800207,0,Red
2024-01-01 23:15:00,3,480,45.77737183,343,8,48,Cloudy,32.07832656,54.6405749,0,Yellow
2024-01-01 23:16:00,2,776,36.73628456,888,21,8,Cloudy,34.26381287,46.77968442,0,Green
2024-01-01 23:17:00,2,738,27.75046671,187,17,40,Rainy,20.61430255,66.58344285,0,Yellow
2024-01-01 23:18:00,1,736,25.97279077,707,75,41,Windy,30.8700667,71.21265358,0,Red
2024-01-01 23:19:00,3,901,56.19152994,329,42,12,Sunny,11.33372486,57.55761367,0,Green
2024-01-01 23:20:00,3,899,51.41603283,822,38,14,Sunny,31.18935074,63.93004388,0,Red
2024-01-01 23:21:00,5,707,35.21504702,498,72,4,Rainy,25.73775805,71.64396449,0,Yellow
2024-01-01 23:22:00,5,373,48.25700353,75,5,28,Rainy,22.21765421,76.06260309,0,Yellow
2024-01-01 23:23:00,1,722,49.53393891,639,82,34,Cloudy,32.24909263,83.73428874,0,Yellow
2024-01-01 23:24:00,1,688,31.70053883,492,47,26,Windy,31.13343056,51.27265238,0,Red
2024-01-01 23:25:00,4,469,59.12558371,315,6,26,Windy,17.4236274,87.08863517,0,Yellow
2024-01-01 23:26:00,5,643,66.85516138,480,79,7,Foggy,29.78720956,68.23678861,0,Green
2024-01-01 23:27:00,2,534,67.48781245,343,68,31,Foggy,12.48727334,77.26211296,0,Green
2024-01-01 23:28:00,3,708,56.14818984,833,15,19,Sunny,30.56909839,71.98614261,0,Red
2024-01-01 23:29:00,1,800,50.69831495,865,0,9,Foggy,26.88639045,42.33430352,0,Red
2024-01-01 23:30:00,3,461,23.66042858,160,36,12,Foggy,12.19665827,34.28630298,0,Red
2024-01-01 23:31:00,3,985,37.26987793,686,82,28,Sunny,27.07700434,73.57718784,0,Yellow
2024-01-01 23:32:00,4,133,25.59628681,281,36,34,Sunny,24.51298192,60.66316007,0,Green
2024-01-01 23:33:00,5,162,77.82938965,804,80,7,Foggy,24.86375253,72.1328021,0,Green
2024-01-01 23:34:00,1,786,28.10480877,439,63,28,Windy,17.27159838,58.61056823,0,Green
2024-01-01 23:35:00,3,381,29.10652459,763,89,30,Foggy,16.66243,48.73407122,0,Red
2024-01-01 23:36:00,1,427,73.3745971,260,85,40,Cloudy,29.0633778,47.10107456,0,Red
2024-01-01 23:37:00,2,804,76.63569701,374,61,29,Cloudy,16.42033703,73.83192785,0,Yellow
2024-01-01 23:38:00,4,704,65.94974235,868,71,21,Cloudy,21.1565563,46.60680489,0,Red
2024-01-01 23:39:00,2,90,20.32429542,789,60,20,Rainy,27.36972496,72.88061226,0,Green
2024-01-01 23:40:00,1,984,20.08077626,780,32,11,Cloudy,11.99040628,53.03760758,0,Yellow
2024-01-01 23:41:00,1,819,42.68604619,608,65,10,Windy,24.86370957,76.25390426,0,Red
2024-01-01 23:42:00,5,846,28.6037222,199,29,1,Rainy,24.73440932,38.56859555,0,Red
2024-01-01 23:43:00,3,154,21.10316853,85,19,49,Rainy,27.10571777,42.29879659,0,Green
2024-01-01 23:44:00,3,251,47.84400136,839,59,40,Cloudy,19.24820238,71.15469634,0,Yellow
2024-01-01 23:45:00,2,499,76.58371384,367,81,1,Foggy,21.22449435,63.61386721,0,Red
2024-01-01 23:46:00,4,868,39.42917449,190,73,33,Sunny,18.24923285,42.23270056,0,Red
2024-01-01 23:47:00,3,892,59.66844071,493,23,2,Foggy,30.20420618,84.1696207,0,Yellow
2024-01-01 23:48:00,5,315,59.13412119,553,3,15,Foggy,13.265269,46.55664884,0,Yellow
2024-01-01 23:49:00,2,959,35.06480622,386,36,3,Rainy,34.07384884,55.26428389,0,Red
2024-01-01 23:50:00,2,259,59.02551493,126,3,22,Rainy,25.8709039,42.13727651,0,Red
2024-01-01 23:51:00,5,612,32.74003846,458,76,49,Rainy,32.17266811,53.2816571,0,Green
2024-01-01 23:52:00,4,167,27.32044481,854,88,19,Windy,20.65578646,59.49880501,0,Yellow
2024-01-01 23:53:00,5,762,62.08299713,246,76,24,Windy,18.30697676,47.71482327,1,Red
2024-01-01 23:54:00,4,426,26.80644903,463,17,29,Sunny,32.51814525,76.14562039,0,Red
2024-01-01 23:55:00,5,600,79.81455312,461,87,17,Rainy,12.47182572,53.63597872,0,Red
2024-01-01 23:56:00,5,589,31.00714407,415,65,41,Cloudy,12.92768079,73.7706,0,Red
2024-01-01 23:57:00,1,820,55.64851177,747,47,10,Rainy,17.48366941,42.42433052,0,Green
2024-01-01 23:58:00,2,133,44.68247428,600,32,28,Windy,33.99437454,52.62212981,0,Yellow
2024-01-01 23:59:00,5,503,27.58318534,103,57,16,Rainy,25.82671525,30.48349733,0,Red
2024-01-02 00:00:00,5,716,21.67063445,634,82,25,Windy,23.85484242,75.51825503,0,Yellow
2024-01-02 00:01:00,3,678,57.36393694,570,72,22,Rainy,27.63390841,67.55319866,0,Yellow
2024-01-02 00:02:00,2,563,68.40545383,32,27,47,Cloudy,20.4368639,79.0693995,1,Red
2024-01-02 00:03:00,3,654,70.52093969,828,34,19,Sunny,28.95183754,57.33664729,0,Red
2024-01-02 00:04:00,2,727,48.96280838,844,9,44,Cloudy,19.83076745,77.98443862,0,Red
2024-01-02 00:05:00,3,436,66.64732803,712,64,1,Windy,30.65907962,68.85495266,0,Green
2024-01-02 00:06:00,5,961,60.37082801,512,41,23,Foggy,16.68237705,30.21677595,1,Red
2024-01-02 00:07:00,5,399,63.45527165,287,84,30,Cloudy,16.93866648,45.22165771,0,Yellow
2024-01-02 00:08:00,1,345,49.55594031,544,8,26,Rainy,23.05958264,59.63348113,0,Yellow
2024-01-02 00:09:00,3,307,58.00470441,139,59,1,Sunny,20.76902896,67.12124098,0,Green
2024-01-02 00:10:00,4,130,68.33155481,372,14,13,Rainy,26.20289611,33.93545188,0,Red
2024-01-02 00:11:00,1,986,43.87305053,76,98,3,Rainy,19.10726887,72.30479569,0,Red
2024-01-02 00:12:00,3,317,68.35873405,59,56,48,Cloudy,15.76376623,62.61216586,0,Green
2024-01-02 00:13:00,3,468,55.52101057,355,68,12,Sunny,21.74521407,61.54675841,0,Green
2024-01-02 00:14:00,1,284,29.95406146,659,21,35,Foggy,24.02391249,47.52273349,0,Red
2024-01-02 00:15:00,5,882,21.48104943,192,63,34,Rainy,13.56500135,65.68938597,0,Red
2024-01-02 00:16:00,3,360,41.76521602,566,40,43,Sunny,23.91796564,31.64957338,0,Yellow
2024-01-02 00:17:00,5,862,52.8017797,278,86,7,Foggy,17.98141763,33.88201983,0,Red
2024-01-02 00:18:00,1,406,70.38922113,536,70,1,Rainy,19.81129712,74.03220523,0,Red
2024-01-02 00:19:00,5,262,27.64914081,749,55,5,Sunny,16.98295323,49.31348055,0,Yellow
2024-01-02 00:20:00,2,623,68.01238086,542,22,30,Cloudy,33.28525819,50.81802454,0,Yellow
2024-01-02 00:21:00,4,98,71.78054276,858,24,9,Rainy,27.08340703,42.5031122,1,Yellow
2024-01-02 00:22:00,3,176,29.04124922,136,90,43,Rainy,16.56150779,56.73724153,0,Yellow
2024-01-02 00:23:00,4,272,71.09565916,203,5,20,Sunny,26.12578336,33.11960588,0,Green
2024-01-02 00:24:00,5,970,79.48721407,893,33,41,Rainy,31.21431024,48.02179341,0,Yellow
2024-01-02 00:25:00,3,328,63.61032986,135,62,9,Foggy,20.04075521,61.62743531,0,Green
2024-01-02 00:26:00,5,457,67.08618091,181,8,22,Rainy,30.74893773,57.93791529,0,Yellow
2024-01-02 00:27:00,2,554,79.66491605,598,59,2,Windy,13.86037361,89.98017859,0,Yellow
2024-01-02 00:28:00,1,343,56.32887503,731,48,31,Foggy,30.56953412,53.32587913,0,Yellow
2024-01-02 00:29:00,3,845,38.47318292,562,96,19,Sunny,23.50735607,53.21994356,0,Red
2024-01-02 00:30:00,2,326,70.25185004,606,50,9,Foggy,15.5743622,60.21490664,0,Green
2024-01-02 00:31:00,2,487,56.86914665,256,59,28,Windy,20.17853461,41.41818662,0,Yellow
2024-01-02 00:32:00,3,156,54.87172542,858,69,40,Windy,34.69982481,82.57826538,0,Red
2024-01-02 00:33:00,5,707,35.21813333,85,36,45,Rainy,29.58890042,64.33606733,0,Green
2024-01-02 00:34:00,2,469,65.38005617,89,30,33,Rainy,24.37715903,41.52645835,0,Green
2024-01-02 00:35:00,4,660,24.90003655,828,97,36,Cloudy,12.8790978,77.60649548,0,Red
2024-01-02 00:36:00,2,478,75.45722425,466,40,19,Foggy,20.44528957,32.05993027,0,Green
2024-01-02 00:37:00,5,424,39.54940765,435,61,7,Cloudy,16.57628785,88.95385204,0,Red
2024-01-02 00:38:00,5,122,27.66647917,551,92,6,Windy,11.77502699,81.90896009,0,Yellow
2024-01-02 00:39:00,4,998,46.54199199,460,57,5,Rainy,23.55510972,64.77836733,0,Red
2024-01-02 00:40:00,2,683,22.54819456,757,13,10,Rainy,32.2296425,36.67773977,0,Green
2024-01-02 00:41:00,5,79,61.07757166,483,35,43,Rainy,26.8899967,42.9163664,0,Green
2024-01-02 00:42:00,3,237,74.16233063,415,35,17,Sunny,16.2420097,46.76611022,0,Yellow
2024-01-02 00:43:00,1,413,70.23578043,730,78,41,Windy,24.33961517,44.46190427,0,Red
2024-01-02 00:44:00,1,915,27.64216841,570,7,28,Rainy,33.58085708,59.85120063,0,Yellow
2024-01-02 00:45:00,1,849,27.57626823,676,25,24,Windy,28.07287632,86.67362222,0,Red
2024-01-02 00:46:00,2,500,68.80606894,576,35,20,Rainy,27.23684749,56.65035509,0,Red
2024-01-02 00:47:00,4,244,75.45525648,414,47,45,Foggy,34.20395416,69.69387409,0,Red
2024-01-02 00:48:00,5,205,47.64018979,345,84,2,Windy,29.97183278,71.31499236,0,Yellow
2024-01-02 00:49:00,3,221,49.93826701,110,27,17,Cloudy,13.41558858,82.29484352,0,Yellow
2024-01-02 00:50:00,3,896,39.09572248,769,67,23,Sunny,18.69087717,32.02927725,0,Green
2024-01-02 00:51:00,2,90,73.6559071,89,61,46,Cloudy,34.12851752,54.25980356,0,Yellow
2024-01-02 00:52:00,1,112,58.69417432,185,79,37,Windy,22.24263485,77.08410685,0,Red
2024-01-02 00:53:00,2,72,37.29509463,661,85,9,Rainy,12.79093613,78.8920209,0,Red
2024-01-02 00:54:00,4,409,37.92697226,233,75,26,Windy,21.46512199,85.63995691,0,Red
2024-01-02 00:55:00,4,124,73.47200438,871,79,11,Sunny,27.42483085,72.16766159,0,Yellow
2024-01-02 00:56:00,5,609,20.81804143,620,50,6,Windy,34.93870554,44.70923677,0,Green
2024-01-02 00:57:00,5,721,39.36359436,354,41,16,Rainy,18.09763291,60.33994459,0,Yellow
2024-01-02 00:58:00,4,874,53.26140087,783,28,0,Cloudy,22.85217187,31.94071728,0,Green
2024-01-02 00:59:00,4,167,28.89304773,388,81,49,Foggy,31.99201762,68.81570047,0,Yellow
2024-01-02 01:00:00,4,661,25.52592525,880,9,25,Cloudy,18.88168045,63.25771269,0,Red
2024-01-02 01:01:00,2,429,68.91657987,603,38,14,Rainy,12.73153891,70.01017685,0,Green
2024-01-02 01:02:00,4,978,73.66426332,696,81,32,Rainy,33.72339688,85.8084332,0,Yellow
2024-01-02 01:03:00,3,969,69.41638525,68,0,36,Sunny,22.21102017,71.2365967,0,Red
2024-01-02 01:04:00,1,728,73.92727338,71,38,46,Windy,22.56959277,49.22699582,0,Green
2024-01-02 01:05:00,4,339,53.18671826,308,20,30,Windy,25.53000362,41.92419983,0,Green
2024-01-02 01:06:00,1,489,68.73548726,809,64,34,Cloudy,10.08841559,81.27817241,0,Red
2024-01-02 01:07:00,2,717,43.0425583,645,14,0,Foggy,33.27827939,41.6599286,0,Red
2024-01-02 01:08:00,1,982,59.97607169,258,3,7,Foggy,19.03627712,39.69657484,0,Yellow
2024-01-02 01:09:00,2,56,79.33013188,152,59,11,Sunny,19.92329656,42.39672484,0,Yellow
2024-01-02 01:10:00,3,245,33.54366343,805,60,18,Rainy,14.35273119,60.53045089,0,Red
2024-01-02 01:11:00,2,470,43.39398478,185,19,24,Sunny,19.45379033,37.45124659,0,Yellow
2024-01-02 01:12:00,2,617,48.80284264,393,9,31,Windy,30.09858827,86.28709984,0,Red
2024-01-02 01:13:00,5,882,28.28092922,392,86,11,Rainy,29.99979181,87.97522243,0,Red
2024-01-02 01:14:00,4,242,24.86231663,824,33,12,Sunny,33.39492102,88.4281112,0,Yellow
2024-01-02 01:15:00,4,608,69.78337198,497,47,27,Cloudy,20.08073682,32.34748829,1,Yellow
2024-01-02 01:16:00,3,197,78.60766237,774,32,0,Windy,27.71803759,86.77185159,0,Green
2024-01-02 01:17:00,3,836,44.28350383,498,97,5,Foggy,22.68093888,89.84489596,0,Green
2024-01-02 01:18:00,4,718,25.25899017,851,60,7,Sunny,30.10056974,86.54574656,0,Yellow
2024-01-02 01:19:00,5,251,23.94870564,669,9,3,Windy,27.81355023,70.25633435,0,Yellow
2024-01-02 01:20:00,4,493,73.47909238,610,53,4,Windy,19.19757313,72.07380914,0,Yellow
2024-01-02 01:21:00,5,963,47.82885498,701,83,24,Foggy,18.41684586,37.33517639,0,Green
2024-01-02 01:22:00,3,468,39.20163899,654,64,21,Foggy,16.31106158,82.45782462,0,Yellow
2024-01-02 01:23:00,1,476,48.58767627,707,76,27,Foggy,24.41289476,33.57837508,0,Green
2024-01-02 01:24:00,3,528,39.09824568,319,0,38,Sunny,34.09607129,49.0638328,1,Green
2024-01-02 01:25:00,3,524,49.34214652,101,4,22,Foggy,15.00166844,89.46909871,0,Green
2024-01-02 01:26:00,2,175,71.57338382,106,79,3,Cloudy,12.38131137,55.33967275,0,Green
2024-01-02 01:27:00,2,444,55.53808226,244,14,3,Windy,12.98501605,37.86937344,0,Red
2024-01-02 01:28:00,2,866,61.67922637,35,27,46,Foggy,29.57746691,88.15767972,0,Yellow
2024-01-02 01:29:00,2,930,41.88024057,841,94,20,Windy,18.75262011,89.04837882,0,Yellow
2024-01-02 01:30:00,5,855,64.31035271,377,22,36,Rainy,15.60917069,41.22256111,0,Red
2024-01-02 01:31:00,4,625,59.99702509,182,16,40,Rainy,18.82110296,81.88822852,0,Yellow
2024-01-02 01:32:00,1,374,27.17371987,629,97,1,Foggy,26.13327032,53.42539957,0,Green
2024-01-02 01:33:00,3,441,54.35857119,687,12,6,Windy,23.66967812,52.88210787,0,Red
2024-01-02 01:34:00,5,979,35.40460978,533,13,48,Rainy,28.58973516,45.76185791,1,Green
2024-01-02 01:35:00,1,737,68.24574018,369,10,15,Foggy,18.47685371,32.68261647,0,Red
2024-01-02 01:36:00,5,677,45.55626251,700,27,16,Windy,21.30071434,46.08053902,0,Green
2024-01-02 01:37:00,5,489,79.68104991,483,41,19,Foggy,12.54920922,33.22661432,0,Yellow
2024-01-02 01:38:00,3,253,25.55002628,846,95,22,Windy,11.82646615,85.46232278,0,Yellow
2024-01-02 01:39:00,4,535,66.82087176,856,98,33,Rainy,21.55638107,69.70324034,0,Yellow
2024-01-02 01:40:00,2,882,60.42210401,394,60,10,Foggy,17.53991519,83.197359,0,Red
2024-01-02 01:41:00,4,80,66.04992984,111,63,33,Rainy,25.3200143,73.03744089,0,Yellow
2024-01-02 01:42:00,3,437,38.45178773,200,30,32,Foggy,11.07505414,37.87721226,0,Red
2024-01-02 01:43:00,3,674,49.52326936,762,80,25,Sunny,13.04415944,86.4348922,0,Green
2024-01-02 01:44:00,3,926,67.79051118,320,72,1,Rainy,31.62977028,83.99358322,0,Yellow
2024-01-02 01:45:00,1,483,33.9524799,679,9,22,Rainy,24.15779054,50.88456467,0,Green
2024-01-02 01:46:00,4,886,33.56199181,811,7,40,Cloudy,27.80136334,36.69200042,0,Yellow
2024-01-02 01:47:00,4,975,53.0630572,208,20,21,Rainy,31.04930297,72.24928505,0,Green
2024-01-02 01:48:00,5,425,51.41381477,878,76,33,Windy,21.59585857,73.70167816,0,Red
2024-01-02 01:49:00,5,393,36.93574822,881,58,14,Foggy,29.0265096,83.80974269,0,Yellow
2024-01-02 01:50:00,5,492,37.88453903,333,49,9,Sunny,23.11463948,33.15934557,0,Red
2024-01-02 01:51:00,3,628,36.67070979,512,68,14,Windy,15.56871926,38.50223028,0,Red
2024-01-02 01:52:00,4,124,66.29072372,147,69,41,Windy,18.44140422,65.89492757,0,Green
2024-01-02 01:53:00,3,606,59.11405193,538,29,28,Windy,22.25876103,67.14789305,0,Yellow
2024-01-02 01:54:00,1,821,69.945031,445,94,22,Windy,17.9221388,32.01657974,0,Red
2024-01-02 01:55:00,5,715,78.5283817,578,16,16,Sunny,18.38819228,53.81592306,0,Green
2024-01-02 01:56:00,3,204,48.44985778,584,74,8,Cloudy,18.43482078,65.04970388,0,Green
2024-01-02 01:57:00,3,479,24.00163288,206,19,49,Rainy,13.07099947,74.27467999,0,Green
2024-01-02 01:58:00,1,412,22.88553862,569,47,35,Windy,12.11606518,48.96904151,0,Yellow
2024-01-02 01:59:00,2,497,37.73990236,472,72,8,Rainy,11.16240099,59.03420958,0,Yellow
2024-01-02 02:00:00,4,283,75.95267536,490,1,15,Rainy,12.77390653,78.84329234,0,Green
2024-01-02 02:01:00,2,612,51.3927833,757,36,35,Windy,18.5926773,87.23370383,0,Yellow
2024-01-02 02:02:00,5,867,36.30719096,584,0,47,Cloudy,24.84679514,43.81888052,0,Green
2024-01-02 02:03:00,3,311,43.95000767,243,3,32,Rainy,14.70367318,45.18253235,1,Yellow
2024-01-02 02:04:00,1,876,55.91570644,173,99,30,Foggy,32.20022115,86.38909125,0,Yellow
2024-01-02 02:05:00,1,174,59.17697949,579,53,5,Rainy,30.20956078,53.75466905,0,Green
2024-01-02 02:06:00,4,960,29.23517059,370,24,9,Windy,23.01317782,73.10089947,0,Green
2024-01-02 02:07:00,2,294,78.62190059,166,2,15,Sunny,28.10524577,66.73591372,0,Yellow
2024-01-02 02:08:00,4,591,52.68633362,595,8,3,Rainy,19.15821312,47.13526079,0,Green
2024-01-02 02:09:00,3,987,28.14129907,368,85,21,Cloudy,10.91944482,69.21373332,0,Green
2024-01-02 02:10:00,4,534,73.6181152,201,86,12,Foggy,32.60832119,69.33395406,1,Green
2024-01-02 02:11:00,1,171,24.47830586,656,75,15,Foggy,13.19483721,65.54659112,0,Green
2024-01-02 02:12:00,1,174,74.46412599,198,73,28,Sunny,33.69843366,35.97964949,0,Yellow
2024-01-02 02:13:00,5,598,79.79393938,58,33,5,Sunny,24.29706471,89.71030934,0,Red
2024-01-02 02:14:00,5,219,62.02590795,791,42,25,Rainy,17.63907653,54.02498767,0,Yellow
2024-01-02 02:15:00,3,173,66.22683326,22,73,10,Windy,22.38811558,68.29505912,0,Green
2024-01-02 02:16:00,2,918,40.23817019,83,93,23,Cloudy,22.54074522,83.14570165,0,Green
2024-01-02 02:17:00,4,84,76.49461116,48,21,28,Foggy,10.58217699,55.39730931,0,Yellow
2024-01-02 02:18:00,3,136,51.78283797,391,69,2,Sunny,18.8864963,76.43550341,0,Green
2024-01-02 02:19:00,5,695,63.9433068,542,1,9,Cloudy,28.49664499,88.30946548,0,Yellow
2024-01-02 02:20:00,4,757,75.44646295,116,93,0,Windy,22.75172972,51.53608562,1,Red
2024-01-02 02:21:00,5,835,78.51079856,889,65,42,Foggy,16.10575293,54.31617421,0,Green
2024-01-02 02:22:00,4,250,69.9922614,461,31,25,Foggy,18.3777465,84.33456354,0,Red
2024-01-02 02:23:00,2,418,38.18105042,222,15,11,Windy,31.57635983,39.57857207,0,Red
2024-01-02 02:24:00,3,846,77.99285099,430,75,13,Foggy,23.13874175,31.7156903,0,Green
2024-01-02 02:25:00,4,126,57.68717187,40,0,24,Windy,23.20880306,84.53334029,0,Green
2024-01-02 02:26:00,1,108,75.83854858,570,71,7,Foggy,34.03668648,79.29549445,0,Yellow
2024-01-02 02:27:00,1,480,60.56630155,754,47,42,Rainy,18.02203498,88.35498195,0,Yellow
2024-01-02 02:28:00,4,687,38.43433771,121,49,3,Windy,21.98852813,33.49426696,0,Green
2024-01-02 02:29:00,4,549,42.20147145,65,12,27,Cloudy,30.29283994,39.37063983,0,Yellow
2024-01-02 02:30:00,4,962,53.02830663,85,14,6,Rainy,28.97280622,36.31875355,0,Red
2024-01-02 02:31:00,1,158,67.40089049,622,52,9,Cloudy,16.64498555,71.00496794,0,Red
2024-01-02 02:32:00,1,785,39.07895308,183,43,35,Foggy,13.77727619,66.36060442,0,Green
2024-01-02 02:33:00,4,327,54.78386997,130,7,1,Cloudy,27.5176144,51.56011196,0,Yellow
2024-01-02 02:34:00,5,117,40.73749961,357,73,25,Rainy,16.44140442,33.44540876,0,Green
2024-01-02 02:35:00,5,118,68.94616428,142,45,49,Windy,33.06689571,68.37971904,0,Red
2024-01-02 02:36:00,2,214,48.00368563,724,68,13,Sunny,13.23119235,64.20722911,0,Green
2024-01-02 02:37:00,3,538,24.60336961,466,18,15,Cloudy,17.95788,36.77419266,0,Green
2024-01-02 02:38:00,5,354,29.96315129,630,37,42,Sunny,11.36968117,84.53458227,0,Green
2024-01-02 02:39:00,1,958,23.66628006,310,10,41,Cloudy,27.58263267,41.93698258,0,Green
2024-01-02 02:40:00,5,723,49.95817676,690,42,16,Cloudy,32.28156622,74.61054913,0,Red
2024-01-02 02:41:00,2,414,26.38023784,431,19,45,Windy,25.89686318,83.10455175,0,Green
2024-01-02 02:42:00,2,903,26.84839816,634,19,21,Foggy,33.44382539,64.76849944,0,Green
2024-01-02 02:43:00,3,870,76.4628956,300,20,3,Rainy,13.21259946,44.81093432,0,Yellow
2024-01-02 02:44:00,5,428,72.35930433,62,81,18,Rainy,12.19334818,48.55491106,0,Green
2024-01-02 02:45:00,1,392,47.12519581,505,56,1,Rainy,30.96031828,83.14485202,1,Yellow
2024-01-02 02:46:00,1,996,79.14831925,615,49,38,Foggy,31.38777938,47.89542938,0,Green
2024-01-02 02:47:00,4,948,20.01119169,722,73,8,Sunny,30.77598818,74.771429,0,Yellow
2024-01-02 02:48:00,1,603,56.83876738,70,97,18,Rainy,29.97412256,89.40991274,0,Green
2024-01-02 02:49:00,3,403,56.98569064,229,25,15,Sunny,19.0557091,89.98900316,1,Yellow
2024-01-02 02:50:00,3,465,47.44658335,145,29,24,Foggy,15.43655209,62.0087849,1,Green
2024-01-02 02:51:00,1,158,43.81687838,511,72,47,Foggy,33.2201005,79.59334781,0,Green
2024-01-02 02:52:00,1,612,47.32298813,528,30,17,Windy,17.67500457,89.41499208,0,Yellow
2024-01-02 02:53:00,4,811,44.89762616,600,41,22,Rainy,19.96019205,52.48037339,0,Green
2024-01-02 02:54:00,1,546,63.82954865,796,67,20,Windy,27.48897399,45.1445751,0,Green
2024-01-02 02:55:00,4,390,28.1213261,277,60,10,Rainy,17.333902,36.85400135,0,Green
2024-01-02 02:56:00,4,991,31.85835324,207,60,38,Foggy,30.47825554,38.45397828,0,Green
2024-01-02 02:57:00,1,432,30.8310937,249,69,40,Foggy,11.75086559,81.21338182,0,Red
2024-01-02 02:58:00,2,582,35.74823511,208,77,3,Cloudy,29.77956668,65.32338542,0,Green
2024-01-02 02:59:00,2,349,51.51550513,434,67,24,Cloudy,25.04628307,82.42255052,0,Red
2024-01-02 03:00:00,4,188,26.67252484,29,89,31,Foggy,24.3248411,77.36730534,0,Red
2024-01-02 03:01:00,1,408,72.09015772,133,16,29,Foggy,21.45942598,70.4246778,0,Green
2024-01-02 03:02:00,2,885,37.84169188,95,18,44,Sunny,16.92613991,66.55873151,0,Yellow
2024-01-02 03:03:00,1,548,29.75227925,695,50,25,Sunny,21.60175714,32.90033425,0,Yellow
2024-01-02 03:04:00,1,434,60.53727858,521,69,35,Windy,21.2507128,82.33651176,0,Green
2024-01-02 03:05:00,1,653,22.28517804,104,62,33,Cloudy,24.59385472,55.0705237,0,Red
2024-01-02 03:06:00,5,329,57.19811389,68,92,8,Cloudy,17.03935715,63.58721142,0,Yellow
2024-01-02 03:07:00,1,686,61.89190584,514,74,11,Foggy,11.93988955,31.31721011,0,Green
2024-01-02 03:08:00,5,532,32.89499188,857,79,1,Foggy,13.62723617,86.16441011,0,Green
2024-01-02 03:09:00,4,958,22.51784441,708,29,37,Windy,27.47943579,84.16442767,0,Red
2024-01-02 03:10:00,2,160,41.81872154,406,24,4,Cloudy,10.56230824,62.5966818,0,Yellow
2024-01-02 03:11:00,2,915,25.91565381,408,74,4,Sunny,31.41107612,64.63869799,0,Green
2024-01-02 03:12:00,2,188,26.98867098,237,70,21,Rainy,27.35993319,72.30103274,0,Yellow
2024-01-02 03:13:00,2,484,35.25567389,720,25,4,Windy,29.20216353,45.88169379,0,Green
2024-01-02 03:14:00,2,558,37.72807548,365,55,3,Rainy,30.89961123,43.31493736,0,Green
2024-01-02 03:15:00,2,322,51.79822046,249,21,8,Sunny,13.0677611,70.4413768,0,Green
2024-01-02 03:16:00,2,148,60.70351313,274,88,28,Sunny,30.56127727,36.26534677,0,Red
2024-01-02 03:17:00,4,813,55.56625645,255,18,21,Rainy,22.61606094,57.24372028,0,Red
2024-01-02 03:18:00,1,899,28.90162024,45,30,26,Windy,32.13809597,59.56562544,0,Red
2024-01-02 03:19:00,3,153,30.32516195,603,25,9,Rainy,32.16466503,52.88021861,0,Yellow
2024-01-02 03:20:00,5,263,72.72615499,280,41,15,Windy,10.60445109,41.11609054,0,Red
2024-01-02 03:21:00,3,810,53.5011389,785,40,41,Windy,19.57163039,51.31897586,0,Red
2024-01-02 03:22:00,3,713,72.19626997,290,99,41,Foggy,23.1599699,50.25343521,0,Yellow
2024-01-02 03:23:00,1,811,42.29279068,142,22,9,Cloudy,26.95900224,59.95594048,0,Yellow
2024-01-02 03:24:00,1,836,56.86400045,675,46,5,Cloudy,17.15465617,70.48085049,0,Yellow
2024-01-02 03:25:00,1,214,51.41980496,276,12,48,Sunny,16.30355652,88.09410741,0,Yellow
2024-01-02 03:26:00,2,902,39.14740939,675,88,4,Foggy,19.53164298,38.64979561,0,Red
2024-01-02 03:27:00,4,569,48.19492232,440,65,5,Cloudy,22.52346729,82.3810266,0,Red
2024-01-02 03:28:00,2,333,50.14945261,278,65,46,Windy,33.77865579,47.05068002,0,Yellow
2024-01-02 03:29:00,4,566,32.04625849,66,15,24,Windy,29.05271167,65.4823662,0,Red
2024-01-02 03:30:00,4,706,38.90062234,882,72,49,Rainy,20.73302917,62.80421688,0,Green
2024-01-02 03:31:00,3,662,67.48458503,544,27,3,Rainy,11.35915446,63.41690512,0,Red
2024-01-02 03:32:00,3,213,74.94729437,227,76,39,Windy,14.2130148,73.4015167,1,Green
2024-01-02 03:33:00,4,935,41.58764561,330,34,47,Windy,21.39811061,52.90129834,0,Yellow
2024-01-02 03:34:00,4,708,38.41833693,766,40,31,Rainy,30.3456475,49.14599779,0,Yellow
2024-01-02 03:35:00,2,113,31.71182987,168,76,34,Cloudy,19.51738839,81.17007439,0,Red
2024-01-02 03:36:00,2,140,60.70947012,853,30,9,Sunny,23.46241627,43.20570242,0,Yellow
2024-01-02 03:37:00,3,166,39.3859821,457,84,33,Rainy,32.29512215,40.81476224,0,Red
2024-01-02 03:38:00,1,915,79.26497235,174,31,35,Cloudy,32.84490649,30.9364462,0,Red
2024-01-02 03:39:00,4,316,39.54108812,697,53,5,Cloudy,15.39437491,42.63466692,0,Red
2024-01-02 03:40:00,2,871,43.64816281,109,97,42,Cloudy,11.08987304,61.111886,0,Red
2024-01-02 03:41:00,3,734,56.20005177,717,71,45,Foggy,17.63526327,62.31053238,0,Green
2024-01-02 03:42:00,2,608,68.10105759,849,58,15,Foggy,27.39505787,45.26522947,0,Green
2024-01-02 03:43:00,4,189,48.17111992,377,40,18,Cloudy,33.77780502,34.3364502,0,Yellow
2024-01-02 03:44:00,4,295,45.35936203,193,65,33,Windy,11.9258,74.67844778,0,Green
2024-01-02 03:45:00,5,710,79.73827002,236,95,24,Foggy,10.71209526,75.47852091,0,Yellow
2024-01-02 03:46:00,1,807,20.62961847,475,53,30,Rainy,32.10368032,89.87018378,0,Yellow
2024-01-02 03:47:00,5,444,73.70391733,795,39,48,Foggy,28.70363173,84.00177423,0,Red
2024-01-02 03:48:00,3,536,28.94844956,628,27,40,Windy,34.80621448,85.56372387,0,Red
2024-01-02 03:49:00,2,525,67.15551657,648,36,16,Sunny,19.91982204,77.89222954,0,Red
2024-01-02 03:50:00,3,566,57.07589359,218,64,46,Foggy,20.40127263,66.9301712,0,Red
2024-01-02 03:51:00,4,233,40.51083713,851,73,29,Cloudy,14.30779593,37.71275746,1,Red
2024-01-02 03:52:00,5,69,72.43249733,505,54,38,Cloudy,12.89617881,67.33879785,0,Red
2024-01-02 03:53:00,5,986,20.77443368,552,3,30,Cloudy,24.46795026,33.35735162,0,Green
2024-01-02 03:54:00,5,607,33.60143912,219,98,18,Sunny,19.10712503,83.11794668,0,Yellow
2024-01-02 03:55:00,3,573,54.01356777,390,9,34,Windy,12.0079112,58.90928012,0,Yellow
2024-01-02 03:56:00,4,631,41.0925356,872,46,28,Rainy,32.17467674,71.84836992,0,Red
2024-01-02 03:57:00,2,578,56.62264972,467,74,0,Windy,14.95891171,33.13461982,0,Green
2024-01-02 03:58:00,2,932,21.4466116,267,13,3,Sunny,28.71460868,62.05490538,0,Red
2024-01-02 03:59:00,3,196,26.98753583,807,37,27,Cloudy,17.0557149,48.07580387,1,Green
2024-01-02 04:00:00,5,715,27.62577441,283,11,17,Windy,30.32262077,47.09809594,0,Green
2024-01-02 04:01:00,1,353,31.35701875,77,44,25,Rainy,12.95992104,53.37935488,0,Yellow
2024-01-02 04:02:00,3,669,47.55988645,321,16,39,Cloudy,28.90179026,30.03836765,0,Yellow
2024-01-02 04:03:00,3,797,65.12772197,50,79,18,Rainy,12.45297185,57.9996529,0,Green
2024-01-02 04:04:00,4,869,74.33233028,517,34,5,Foggy,21.1728947,59.19400102,0,Yellow
2024-01-02 04:05:00,2,913,70.12235182,268,65,0,Rainy,28.35010876,81.78785495,0,Green
2024-01-02 04:06:00,3,631,31.81327231,624,74,7,Cloudy,14.33045953,56.91153647,0,Green
2024-01-02 04:07:00,3,744,46.46903313,796,40,32,Foggy,17.14162472,51.81337763,0,Green
2024-01-02 04:08:00,5,811,31.96469587,290,66,42,Cloudy,31.6191748,89.68482308,0,Yellow
2024-01-02 04:09:00,5,277,35.868309,625,28,20,Cloudy,32.12798302,64.27279948,0,Red
2024-01-02 04:10:00,1,151,50.21281889,685,17,23,Foggy,11.12338631,58.35679252,0,Yellow
2024-01-02 04:11:00,4,636,24.08654148,413,19,24,Rainy,14.20226463,59.75615007,0,Red
2024-01-02 04:12:00,1,466,33.09045978,816,13,46,Sunny,12.93679851,78.55087785,0,Yellow
2024-01-02 04:13:00,5,265,76.12268968,521,33,42,Sunny,14.49232737,50.44058214,0,Yellow
2024-01-02 04:14:00,2,456,47.96697756,611,48,18,Sunny,34.25469311,53.34962776,0,Red
2024-01-02 04:15:00,5,448,46.72319156,823,53,28,Sunny,23.79138122,75.35240156,0,Green
2024-01-02 04:16:00,4,972,20.87402929,103,30,9,Windy,21.70280976,34.37902438,0,Red
2024-01-02 04:17:00,5,764,34.84398482,384,57,11,Sunny,34.61168433,81.91014949,0,Green
2024-01-02 04:18:00,4,753,71.97754616,568,41,32,Foggy,23.92390325,55.81216179,0,Green
2024-01-02 04:19:00,4,810,29.8777057,361,57,6,Sunny,26.52794818,64.87757853,0,Yellow
2024-01-02 04:20:00,4,548,44.90749637,858,81,16,Cloudy,18.31926365,75.44856956,0,Yellow
2024-01-02 04:21:00,4,803,20.85985435,426,29,9,Sunny,19.55287161,45.96311535,0,Yellow
2024-01-02 04:22:00,4,514,48.7001289,444,24,30,Rainy,24.8602346,83.4188525,0,Yellow
2024-01-02 04:23:00,2,740,21.2612664,763,62,5,Foggy,11.7446446,88.75349834,0,Yellow
2024-01-02 04:24:00,1,998,69.17657318,112,18,16,Foggy,16.39707215,59.65646168,0,Red
2024-01-02 04:25:00,3,780,69.49122605,867,71,49,Windy,14.92029374,86.2162419,0,Red
2024-01-02 04:26:00,1,131,67.2645313,633,91,36,Cloudy,10.39733483,30.06771735,0,Red
2024-01-02 04:27:00,4,653,37.00184413,431,7,17,Foggy,23.42253176,83.65426978,0,Red
2024-01-02 04:28:00,2,996,70.23423309,451,94,25,Rainy,24.02632099,48.66271919,0,Yellow
2024-01-02 04:29:00,5,736,52.57988796,697,2,48,Sunny,19.59848058,48.68972548,0,Red
2024-01-02 04:30:00,2,800,42.42848653,178,66,15,Foggy,16.71818674,43.68533189,0,Red
2024-01-02 04:31:00,4,821,57.51979758,33,85,7,Rainy,26.3014969,49.02083407,0,Green
2024-01-02 04:32:00,2,952,20.74046276,392,80,23,Sunny,13.36647903,42.80907502,0,Yellow
2024-01-02 04:33:00,2,414,28.57765266,244,99,12,Windy,22.96537579,84.35214638,0,Red
2024-01-02 04:34:00,4,212,64.53761229,524,16,28,Foggy,29.20184965,83.94142363,0,Red
2024-01-02 04:35:00,2,97,34.64969652,92,13,31,Foggy,14.1074496,36.1326789,0,Red
2024-01-02 04:36:00,3,560,55.88054704,268,8,23,Rainy,28.83148846,38.57150573,0,Yellow
2024-01-02 04:37:00,3,378,43.10615617,530,61,15,Cloudy,29.01986273,81.72111834,0,Red
2024-01-02 04:38:00,2,889,71.28834673,622,93,10,Windy,11.49816621,53.93626625,0,Green
2024-01-02 04:39:00,5,165,77.14491836,235,20,31,Cloudy,10.46960815,40.15630064,0,Yellow
2024-01-02 04:40:00,4,990,73.0138837,621,75,5,Foggy,34.34838515,60.64016415,0,Green
2024-01-02 04:41:00,3,898,36.23719968,560,36,34,Cloudy,14.83456649,55.000083,0,Yellow
2024-01-02 04:42:00,5,386,31.64977214,836,95,32,Sunny,30.55348023,43.14969322,0,Red
2024-01-02 04:43:00,2,930,48.46609362,239,10,17,Windy,24.04626633,73.2451331,0,Yellow
2024-01-02 04:44:00,5,786,20.44004905,859,19,36,Cloudy,16.61180394,67.87735874,0,Yellow
2024-01-02 04:45:00,1,913,21.54856357,746,34,12,Sunny,13.24926092,35.97969681,0,Yellow
2024-01-02 04:46:00,3,889,53.19743838,240,52,9,Rainy,22.41693184,85.52320286,0,Green
2024-01-02 04:47:00,2,196,51.22696425,408,46,36,Cloudy,20.18387029,63.50819794,0,Yellow
2024-01-02 04:48:00,4,624,79.67491934,573,74,25,Windy,27.47215213,45.01226922,0,Red
2024-01-02 04:49:00,2,855,32.11051012,666,51,45,Sunny,32.60421374,42.3775089,0,Yellow
2024-01-02 04:50:00,4,372,35.48623575,61,7,16,Cloudy,30.13120217,38.15687888,0,Yellow
2024-01-02 04:51:00,2,492,26.81243854,695,3,0,Rainy,16.86130126,55.47824438,0,Red
2024-01-02 04:52:00,5,886,75.05258058,892,26,24,Cloudy,31.97333046,38.13246079,0,Red
2024-01-02 04:53:00,5,62,66.66867467,302,43,33,Sunny,30.83478285,54.94898476,0,Green
2024-01-02 04:54:00,5,992,69.34034669,77,39,38,Cloudy,33.22840584,38.92622569,0,Red
2024-01-02 04:55:00,1,543,74.16582728,833,46,9,Windy,21.46652053,69.40845129,0,Red
2024-01-02 04:56:00,4,750,51.4939992,853,93,19,Foggy,29.21437931,77.1145213,0,Red
2024-01-02 04:57:00,5,336,47.07159149,556,43,6,Sunny,24.79145164,62.97136485,0,Yellow
2024-01-02 04:58:00,1,769,39.82348842,92,47,15,Sunny,17.76256881,70.80341249,0,Green
2024-01-02 04:59:00,4,163,55.35287686,148,90,36,Sunny,34.86077506,86.30272423,0,Red
2024-01-02 05:00:00,2,529,47.25670381,618,84,28,Sunny,10.95768667,68.30229177,0,Red
2024-01-02 05:01:00,1,71,47.0939352,861,51,11,Cloudy,14.05681431,51.84949189,0,Red
2024-01-02 05:02:00,3,398,76.21567182,445,83,16,Windy,32.31355906,56.96880952,0,Yellow
2024-01-02 05:03:00,1,775,79.04189086,684,67,47,Rainy,11.51407109,81.63151356,0,Yellow
2024-01-02 05:04:00,1,732,67.78906336,713,10,19,Windy,32.17051668,37.84321914,0,Green
2024-01-02 05:05:00,4,884,65.40548541,144,76,25,Sunny,27.8805369,49.54422135,0,Green
2024-01-02 05:06:00,2,615,60.83348971,86,72,47,Cloudy,10.91710013,64.63680414,0,Yellow
2024-01-02 05:07:00,3,955,29.96449114,25,3,18,Cloudy,20.73300107,70.58337416,0,Red
2024-01-02 05:08:00,5,859,23.54634925,656,75,46,Sunny,28.86178688,75.80994453,0,Red
2024-01-02 05:09:00,5,369,61.44357891,333,72,11,Cloudy,24.57750712,49.09240776,1,Green
2024-01-02 05:10:00,1,175,63.72717334,345,76,20,Sunny,33.3967823,38.75154804,0,Red
2024-01-02 05:11:00,4,326,22.81837947,584,47,41,Windy,31.69110082,87.29035258,1,Yellow
2024-01-02 05:12:00,4,253,75.68310501,597,25,33,Foggy,18.31619088,34.58353303,0,Green
2024-01-02 05:13:00,5,243,25.46843837,845,76,6,Cloudy,12.11567989,35.74832135,0,Yellow
2024-01-02 05:14:00,3,730,37.15403203,525,38,44,Sunny,33.60642599,59.69655251,0,Yellow
2024-01-02 05:15:00,2,713,60.34338877,101,91,34,Sunny,22.93216919,79.15626169,0,Red
2024-01-02 05:16:00,3,596,30.19235566,618,57,14,Cloudy,11.85994061,76.47024638,0,Yellow
2024-01-02 05:17:00,2,745,23.32495331,21,18,0,Rainy,30.41439033,86.26195597,0,Yellow
2024-01-02 05:18:00,5,335,39.86878935,223,87,25,Sunny,31.71266177,38.49615454,0,Red
2024-01-02 05:19:00,2,106,65.95829449,681,82,34,Cloudy,25.985616,52.54363542,0,Yellow
2024-01-02 05:20:00,4,783,44.82072074,824,76,24,Sunny,21.18772414,46.92852772,0,Red
2024-01-02 05:21:00,1,352,59.17837531,423,76,41,Rainy,26.55432531,81.65220741,0,Yellow
2024-01-02 05:22:00,1,212,54.77714583,122,57,14,Foggy,27.66709239,59.30127722,0,Red
2024-01-02 05:23:00,5,68,21.33310892,555,27,21,Rainy,32.32574895,31.61087606,0,Red
2024-01-02 05:24:00,4,419,79.31239922,387,65,5,Windy,33.89654201,72.47786441,0,Green
2024-01-02 05:25:00,3,313,22.48568533,231,9,14,Cloudy,22.85802331,53.32188587,0,Yellow
2024-01-02 05:26:00,4,843,78.06816426,596,85,23,Rainy,29.96236334,61.8688058,0,Yellow
2024-01-02 05:27:00,1,162,52.9918507,228,76,20,Foggy,34.1127389,83.62724562,0,Green
2024-01-02 05:28:00,1,537,77.78954162,782,57,6,Sunny,13.78108345,45.40426648,0,Red
2024-01-02 05:29:00,4,376,26.88521596,136,72,28,Cloudy,10.45669954,44.41588054,0,Red
2024-01-02 05:30:00,4,591,49.42451115,647,96,31,Rainy,31.72409432,45.79155025,0,Green
2024-01-02 05:31:00,1,696,30.17024551,768,13,31,Foggy,14.88183333,50.28647948,0,Green
2024-01-02 05:32:00,3,628,23.05849262,497,83,4,Rainy,11.06196917,36.44123848,0,Red
2024-01-02 05:33:00,5,114,57.0517469,124,14,3,Windy,14.00240344,71.83317965,0,Red
2024-01-02 05:34:00,5,341,32.46700526,514,95,21,Cloudy,19.60287278,42.44392307,0,Green
2024-01-02 05:35:00,4,74,55.2618211,790,32,17,Sunny,15.48164254,85.56874484,0,Yellow
2024-01-02 05:36:00,5,598,26.74186892,65,16,34,Foggy,17.63134073,42.94117883,0,Red
2024-01-02 05:37:00,1,50,39.91918829,842,23,16,Rainy,34.38235129,45.33852176,0,Green
2024-01-02 05:38:00,1,960,66.89795348,350,29,49,Cloudy,27.6101386,47.82121373,0,Yellow
2024-01-02 05:39:00,4,598,46.22309131,235,61,49,Rainy,27.80479321,76.11228582,0,Yellow
2024-01-02 05:40:00,4,190,57.66472489,511,12,23,Cloudy,12.36713437,55.65638925,0,Yellow
2024-01-02 05:41:00,4,793,58.84747644,832,61,1,Windy,28.30245925,79.16007744,0,Yellow
2024-01-02 05:42:00,3,697,70.62530264,864,46,12,Rainy,28.48360832,77.09122274,0,Green
2024-01-02 05:43:00,5,950,39.49536766,468,15,14,Windy,26.49362546,85.76942537,0,Red
2024-01-02 05:44:00,4,237,61.23773375,555,65,4,Foggy,15.7109074,75.39624931,0,Yellow
2024-01-02 05:45:00,2,177,77.69694842,530,80,2,Windy,20.57590448,33.11467018,0,Yellow
2024-01-02 05:46:00,2,250,63.81460006,477,95,36,Cloudy,31.15691137,80.23687642,0,Green
2024-01-02 05:47:00,1,176,49.3922286,566,42,36,Foggy,26.75504073,86.2843558,0,Yellow
2024-01-02 05:48:00,5,306,57.84304667,555,7,36,Rainy,28.31922087,89.62135155,0,Green
2024-01-02 05:49:00,4,725,64.38097387,559,2,2,Rainy,24.68436,37.51605565,0,Green
2024-01-02 05:50:00,2,596,56.73654594,503,11,34,Cloudy,21.23966498,66.79639616,0,Red
2024-01-02 05:51:00,5,243,21.00054881,35,83,22,Sunny,28.97630025,41.96751995,0,Yellow
2024-01-02 05:52:00,1,752,31.68640986,590,15,27,Sunny,11.69814536,45.75057845,0,Red
2024-01-02 05:53:00,3,153,68.62809303,262,77,29,Rainy,26.82901832,74.73506029,0,Green
2024-01-02 05:54:00,5,584,36.35903884,226,79,17,Cloudy,34.9301127,88.66006306,0,Yellow
2024-01-02 05:55:00,5,314,63.89372717,290,58,35,Sunny,29.50479824,65.69133009,0,Green
2024-01-02 05:56:00,3,851,42.32721291,780,48,32,Windy,17.26408779,81.03506819,0,Green
2024-01-02 05:57:00,5,991,51.31305969,798,62,25,Rainy,16.94548737,30.53302823,0,Green
2024-01-02 05:58:00,1,433,24.07839799,724,61,47,Windy,26.68046526,32.19789839,0,Yellow
2024-01-02 05:59:00,1,309,30.87353366,866,48,39,Cloudy,32.39635643,65.80346024,0,Green
2024-01-02 06:00:00,3,463,77.43181781,749,50,16,Windy,24.44874352,53.3389861,0,Green
2024-01-02 06:01:00,4,407,73.40828321,134,32,39,Sunny,23.18505718,83.3854689,0,Yellow
2024-01-02 06:02:00,2,124,59.13650665,599,29,6,Sunny,14.00960335,48.11891479,1,Red
2024-01-02 06:03:00,4,404,47.57867584,318,58,7,Foggy,27.88642388,55.92306165,0,Green
2024-01-02 06:04:00,5,633,60.54567757,856,75,30,Rainy,27.55746549,61.67455187,0,Red
2024-01-02 06:05:00,2,820,57.11661735,502,14,11,Cloudy,34.17378481,46.38232997,0,Red
2024-01-02 06:06:00,3,959,54.11313534,416,81,47,Rainy,17.50480461,84.50969205,0,Red
2024-01-02 06:07:00,3,237,23.55062431,413,91,30,Windy,28.91113691,57.87201508,0,Red
2024-01-02 06:08:00,2,734,57.96815664,94,22,43,Cloudy,20.85163153,55.44933655,0,Red
2024-01-02 06:09:00,1,339,66.13520267,501,77,18,Cloudy,23.96181979,80.98518294,0,Red
2024-01-02 06:10:00,2,94,79.64489928,122,93,9,Sunny,30.41134639,48.7187041,0,Yellow
2024-01-02 06:11:00,5,622,20.66471316,316,96,38,Windy,15.54987613,79.04792067,0,Yellow
2024-01-02 06:12:00,1,132,63.8104072,197,44,11,Sunny,18.57171849,37.33637116,0,Red
2024-01-02 06:13:00,3,172,54.30735896,234,61,19,Sunny,29.33271675,40.967312,0,Yellow
2024-01-02 06:14:00,2,407,46.04313056,334,78,36,Foggy,24.26144788,87.05049997,0,Yellow
2024-01-02 06:15:00,4,577,27.65421047,58,70,47,Sunny,12.31057292,80.54684945,0,Red
2024-01-02 06:16:00,4,115,44.54510892,278,14,40,Rainy,20.75464667,53.27393409,0,Red
2024-01-02 06:17:00,5,985,41.26263098,735,45,6,Cloudy,24.66583282,68.30738692,0,Green
2024-01-02 06:18:00,4,706,38.16979334,26,63,13,Sunny,32.73793291,86.57821137,0,Yellow
2024-01-02 06:19:00,2,424,63.8527774,68,45,10,Rainy,14.71220125,42.71153417,0,Red
2024-01-02 06:20:00,2,211,62.04353128,557,55,6,Windy,30.14882421,33.54062821,0,Yellow
2024-01-02 06:21:00,4,795,55.34120546,180,43,28,Cloudy,13.26561208,62.24808387,0,Yellow
2024-01-02 06:22:00,2,429,76.3198888,888,74,9,Windy,16.0558915,38.55581272,0,Yellow
2024-01-02 06:23:00,5,705,40.99126305,195,28,28,Rainy,16.08359709,41.23914556,0,Green
2024-01-02 06:24:00,1,407,34.62811626,610,94,8,Windy,31.9369799,83.49235138,0,Red
2024-01-02 06:25:00,5,237,59.35419879,21,61,35,Windy,14.9754423,30.44420752,0,Yellow
2024-01-02 06:26:00,5,371,31.92884366,474,88,47,Windy,29.67401817,79.00920159,0,Red
2024-01-02 06:27:00,2,499,38.90063043,663,51,9,Sunny,21.54516335,61.01704658,0,Yellow
2024-01-02 06:28:00,1,523,33.4761464,295,53,18,Sunny,34.97726919,63.55766326,0,Red
2024-01-02 06:29:00,2,62,24.14921406,517,87,30,Sunny,30.97728747,70.30607763,0,Red
2024-01-02 06:30:00,3,233,69.6499245,648,56,16,Cloudy,28.49257836,55.88669954,0,Red
2024-01-02 06:31:00,2,160,35.27243258,695,82,8,Rainy,31.76815767,36.93671329,0,Yellow
2024-01-02 06:32:00,2,976,48.3816502,819,65,44,Sunny,25.85075982,36.16921343,0,Green
2024-01-02 06:33:00,2,557,22.5989164,47,21,32,Windy,31.09130641,75.26173195,0,Red
2024-01-02 06:34:00,1,339,61.96036798,352,19,33,Windy,16.52817118,43.2621086,0,Green
2024-01-02 06:35:00,2,344,39.83366014,20,32,44,Windy,12.44258028,31.68610102,0,Red
2024-01-02 06:36:00,1,500,64.68420367,207,71,23,Windy,25.39830018,88.77683335,0,Green
2024-01-02 06:37:00,4,953,44.74418363,75,24,8,Foggy,20.86725982,88.82349116,0,Red
2024-01-02 06:38:00,3,264,31.74533638,566,45,6,Cloudy,20.66101988,52.68848024,0,Green
2024-01-02 06:39:00,1,681,50.79050494,131,72,15,Rainy,23.16869631,31.53143067,0,Red
2024-01-02 06:40:00,4,943,27.83027358,817,97,18,Rainy,19.03456529,73.63587952,0,Red
2024-01-02 06:41:00,1,616,46.43234959,329,56,38,Sunny,25.65148829,79.86072363,0,Green
2024-01-02 06:42:00,1,76,39.03832865,55,86,5,Foggy,10.76420918,37.50082141,0,Red
2024-01-02 06:43:00,3,679,74.71757505,458,4,49,Rainy,34.24728355,38.12751689,0,Yellow
2024-01-02 06:44:00,5,782,23.6557233,748,54,10,Cloudy,33.1177248,79.33343998,0,Red
2024-01-02 06:45:00,5,280,61.64104485,611,60,11,Windy,33.38175406,85.31444332,0,Red
2024-01-02 06:46:00,1,614,30.96506996,845,88,41,Sunny,19.12508739,77.4452902,0,Yellow
2024-01-02 06:47:00,2,856,39.14270446,614,7,12,Cloudy,23.29727394,42.04469695,0,Yellow
2024-01-02 06:48:00,4,370,44.93084378,596,15,11,Rainy,33.85326508,54.69127317,0,Yellow
2024-01-02 06:49:00,2,962,74.48090536,344,47,20,Foggy,32.55865141,66.05054555,0,Green
2024-01-02 06:50:00,2,282,34.55469596,659,60,9,Sunny,29.7561119,39.61760843,0,Yellow
2024-01-02 06:51:00,1,719,25.47852815,326,14,19,Rainy,20.18328975,42.63614956,0,Green
2024-01-02 06:52:00,1,486,39.12137624,553,64,49,Sunny,24.10848058,46.97316432,0,Yellow
2024-01-02 06:53:00,1,830,26.28055823,747,21,35,Rainy,29.82281186,60.57079622,1,Green
2024-01-02 06:54:00,1,582,27.71578916,638,2,27,Windy,16.82529989,60.64829323,0,Yellow
2024-01-02 06:55:00,5,452,54.43103588,128,53,23,Foggy,25.66123421,78.85767116,0,Yellow
2024-01-02 06:56:00,1,102,23.65411599,391,13,4,Windy,30.69835812,75.18061204,0,Red
2024-01-02 06:57:00,5,836,21.85585288,376,35,36,Rainy,27.68636979,84.82414051,0,Yellow
2024-01-02 06:58:00,5,362,62.86484609,200,81,11,Cloudy,21.98701578,79.97410337,0,Red
2024-01-02 06:59:00,1,330,41.69882569,375,81,34,Windy,24.61520899,45.2326529,0,Yellow
2024-01-02 07:00:00,3,775,27.52252095,695,66,39,Cloudy,34.71688858,49.87780616,0,Yellow
2024-01-02 07:01:00,4,80,35.21676625,87,9,1,Rainy,25.04969487,60.02539462,1,Red
2024-01-02 07:02:00,2,386,58.52519044,311,48,49,Foggy,29.64044385,30.85626807,0,Red
2024-01-02 07:03:00,5,232,36.53219403,711,64,40,Cloudy,28.16511911,84.23412038,0,Green
2024-01-02 07:04:00,4,72,49.67126751,200,90,44,Rainy,27.53726539,32.66065275,0,Red
2024-01-02 07:05:00,3,593,27.3017184,485,56,38,Cloudy,27.90922638,49.34647625,0,Green
2024-01-02 07:06:00,2,495,55.28561826,453,26,41,Windy,21.36024378,64.15048747,0,Yellow
2024-01-02 07:07:00,2,123,38.96466103,483,74,8,Rainy,21.85400436,61.07048332,0,Red
2024-01-02 07:08:00,5,59,57.61810607,700,4,21,Windy,21.69656843,69.26759357,0,Red
2024-01-02 07:09:00,1,533,68.50369294,553,70,46,Sunny,10.83136518,61.65121052,0,Yellow
2024-01-02 07:10:00,3,505,56.69878516,85,82,4,Rainy,16.02663326,43.74008554,0,Yellow
2024-01-02 07:11:00,5,615,37.74485376,40,56,11,Cloudy,13.86410017,42.06469127,0,Yellow
2024-01-02 07:12:00,3,613,35.34462209,631,92,0,Sunny,32.16112528,84.43482414,0,Yellow
2024-01-02 07:13:00,1,709,39.64525752,403,14,43,Windy,16.87423416,45.8380042,0,Red
2024-01-02 07:14:00,1,209,29.87723079,831,98,21,Windy,13.46106586,46.85863403,0,Yellow
2024-01-02 07:15:00,5,931,30.87031105,634,75,37,Cloudy,12.9941733,54.77717377,0,Yellow
2024-01-02 07:16:00,1,63,67.44146611,578,29,18,Sunny,27.49974586,38.36629963,0,Red
2024-01-02 07:17:00,4,227,43.08395459,58,19,15,Foggy,10.15208277,60.43637067,0,Green
2024-01-02 07:18:00,2,461,46.15971083,304,36,30,Cloudy,21.78261004,69.9019057,0,Red
2024-01-02 07:19:00,5,927,55.64296793,841,2,2,Windy,12.97177764,77.16002952,0,Green
2024-01-02 07:20:00,3,102,55.37920971,621,72,22,Rainy,31.24158444,72.68725451,0,Yellow
2024-01-02 07:21:00,4,457,24.04261229,616,40,41,Sunny,33.96125891,38.85815784,0,Red
2024-01-02 07:22:00,5,896,69.89244718,804,38,17,Foggy,33.96886541,57.3640287,0,Yellow
2024-01-02 07:23:00,1,71,30.63959319,355,25,25,Rainy,21.04910272,32.31517205,0,Red
2024-01-02 07:24:00,1,79,63.38429816,207,1,12,Sunny,26.11287061,31.0678798,0,Green
2024-01-02 07:25:00,1,752,66.36025929,690,22,17,Cloudy,24.99260341,56.4078251,0,Red
2024-01-02 07:26:00,1,309,62.89397205,262,22,2,Cloudy,18.75097253,45.17762967,0,Yellow
2024-01-02 07:27:00,3,254,54.73865879,92,84,22,Sunny,21.10161229,71.00164769,0,Red
2024-01-02 07:28:00,4,108,20.87653983,498,15,2,Foggy,11.60809243,73.45444721,0,Yellow
2024-01-02 07:29:00,2,520,41.62252954,580,8,24,Sunny,29.89247582,83.72422347,0,Red
2024-01-02 07:30:00,3,825,56.29036576,120,12,26,Rainy,16.0200878,75.64095081,0,Green
2024-01-02 07:31:00,3,515,43.24707776,533,27,43,Rainy,21.51318328,32.89464739,0,Red
2024-01-02 07:32:00,2,61,71.80879369,775,26,26,Cloudy,22.01551834,52.29738062,0,Red
2024-01-02 07:33:00,2,680,38.52813652,195,50,38,Sunny,24.01779348,46.38140111,0,Red
2024-01-02 07:34:00,1,976,37.61208755,257,63,24,Cloudy,30.44691595,53.16794699,0,Red
2024-01-02 07:35:00,3,339,35.95986159,78,51,23,Foggy,27.29702615,39.60453954,0,Green
2024-01-02 07:36:00,5,899,39.96685214,884,80,7,Rainy,26.57657623,35.86224622,1,Yellow
2024-01-02 07:37:00,2,809,53.44429786,118,37,8,Windy,23.1686374,61.25907255,0,Red
2024-01-02 07:38:00,2,403,62.42091766,890,99,45,Windy,12.39889387,73.22287865,0,Red
2024-01-02 07:39:00,4,688,59.75407506,514,64,36,Sunny,20.05021179,72.11465412,0,Red
2024-01-02 07:40:00,5,124,68.4630692,533,17,29,Sunny,33.93292128,57.05665933,0,Green
2024-01-02 07:41:00,5,922,73.15483973,774,62,18,Windy,34.88870188,61.33673918,0,Yellow
2024-01-02 07:42:00,2,765,68.96474254,316,50,15,Sunny,28.26245365,60.97972335,0,Yellow
2024-01-02 07:43:00,1,610,21.1367242,230,8,23,Rainy,15.68787408,71.49422267,0,Red
2024-01-02 07:44:00,4,640,64.15507721,142,12,43,Foggy,12.54726615,32.87551056,0,Red
2024-01-02 07:45:00,5,490,32.50397442,248,39,20,Foggy,20.36910898,72.59376653,1,Yellow
2024-01-02 07:46:00,2,290,27.97568256,613,54,35,Cloudy,31.41429756,64.93205405,0,Red
2024-01-02 07:47:00,5,910,58.30932709,675,78,39,Rainy,28.046606,41.88652288,0,Red
2024-01-02 07:48:00,4,203,39.18459172,407,42,38,Sunny,32.09730594,32.94353122,0,Red
2024-01-02 07:49:00,4,835,23.4270298,159,43,46,Sunny,25.39440787,36.51166743,0,Green
2024-01-02 07:50:00,3,145,28.25778406,560,67,5,Cloudy,13.25820911,61.48148049,0,Green
2024-01-02 07:51:00,2,775,20.05576501,410,32,4,Cloudy,12.86989917,75.50451181,0,Yellow
2024-01-02 07:52:00,4,343,74.19341764,289,23,13,Sunny,11.20005757,50.07943723,0,Green
2024-01-02 07:53:00,3,258,21.47707903,778,35,44,Sunny,24.17699926,52.74743464,0,Green
2024-01-02 07:54:00,3,392,32.56734617,31,9,41,Rainy,16.07215592,86.0487849,0,Yellow
2024-01-02 07:55:00,5,137,44.97576684,886,99,49,Cloudy,28.35959103,42.78078504,0,Green
2024-01-02 07:56:00,5,867,41.39427956,408,19,3,Rainy,27.1562484,36.22496547,0,Yellow
2024-01-02 07:57:00,3,825,74.70355261,356,74,7,Sunny,17.95276856,50.60460683,0,Red
2024-01-02 07:58:00,5,986,22.41733674,525,11,23,Windy,14.42004166,74.75532717,0,Yellow
2024-01-02 07:59:00,4,439,50.73288246,125,61,10,Windy,12.56000874,67.56463746,0,Yellow
2024-01-02 08:00:00,1,374,60.82876775,51,17,16,Sunny,28.43288185,54.94772636,0,Yellow
2024-01-02 08:01:00,4,989,75.90187842,93,93,49,Cloudy,21.26102489,87.88515197,0,Red
2024-01-02 08:02:00,3,938,57.22227513,190,62,20,Windy,18.08824785,74.0997863,1,Red
2024-01-02 08:03:00,3,881,68.22531416,868,83,25,Cloudy,31.4163254,33.71168546,0,Red
2024-01-02 08:04:00,4,206,25.02349627,88,24,42,Windy,24.84033041,74.67788663,1,Yellow
2024-01-02 08:05:00,5,717,43.15637066,832,11,47,Cloudy,22.95005841,31.44231335,0,Yellow
2024-01-02 08:06:00,5,700,42.43682807,381,20,43,Windy,28.58447912,69.01939939,0,Yellow
2024-01-02 08:07:00,3,682,73.17729299,668,24,44,Cloudy,30.38957851,42.62897018,0,Yellow
2024-01-02 08:08:00,2,626,29.08227028,452,10,26,Rainy,27.15182889,71.78653254,0,Yellow
2024-01-02 08:09:00,5,668,29.11317034,119,63,15,Cloudy,21.00015796,48.586774,0,Yellow
2024-01-02 08:10:00,4,708,39.71348899,677,72,25,Rainy,19.48246982,82.38037848,0,Yellow
2024-01-02 08:11:00,5,186,23.26796284,28,49,32,Rainy,29.29162346,50.2148302,1,Green
2024-01-02 08:12:00,4,972,30.94748244,593,61,30,Sunny,22.94767902,67.18175132,0,Red
2024-01-02 08:13:00,3,723,77.91257831,716,88,47,Rainy,27.60965196,47.15565358,0,Green
2024-01-02 08:14:00,5,477,45.69103639,48,98,46,Foggy,32.25996973,85.03329271,0,Red
2024-01-02 08:15:00,4,501,57.92115251,133,95,5,Rainy,32.89726587,76.85975886,0,Yellow
2024-01-02 08:16:00,3,661,63.56667556,481,48,43,Cloudy,16.94289098,44.59817258,0,Green
2024-01-02 08:17:00,2,899,42.01768442,162,13,7,Rainy,14.69724876,86.92780275,0,Yellow
2024-01-02 08:18:00,4,960,28.83362446,409,0,6,Cloudy,16.53218401,51.42945537,0,Green
2024-01-02 08:19:00,2,868,32.39486097,651,80,33,Cloudy,28.78429426,69.11189686,0,Green
2024-01-02 08:20:00,2,190,38.79598859,701,24,43,Foggy,19.2514509,74.57119387,0,Yellow
2024-01-02 08:21:00,1,132,58.16410522,176,58,13,Rainy,14.33473202,31.37412969,0,Green
2024-01-02 08:22:00,5,226,43.89683295,354,71,15,Rainy,12.45963731,87.53804077,0,Green
2024-01-02 08:23:00,4,247,20.40888187,880,68,42,Windy,18.18282972,50.66647837,0,Red
2024-01-02 08:24:00,2,673,51.4044311,279,4,8,Windy,13.40341101,41.38673361,0,Yellow
2024-01-02 08:25:00,1,617,75.29080351,101,98,9,Sunny,13.90934031,81.0424675,0,Yellow
2024-01-02 08:26:00,3,740,68.72465666,773,18,16,Cloudy,27.09709934,72.17395697,0,Green
2024-01-02 08:27:00,4,470,69.51268228,460,22,11,Foggy,10.49330239,35.20459636,0,Yellow
2024-01-02 08:28:00,2,450,67.70348106,191,8,5,Windy,12.93883154,37.02267488,0,Red
2024-01-02 08:29:00,5,747,39.42384954,250,93,18,Rainy,31.10913728,72.91151224,0,Red
2024-01-02 08:30:00,1,520,65.91163003,739,49,42,Sunny,31.12285213,34.48699536,0,Yellow
2024-01-02 08:31:00,2,267,28.58968147,94,15,40,Foggy,18.23108697,85.03052611,0,Yellow
2024-01-02 08:32:00,5,974,59.46296884,289,32,28,Rainy,12.19882521,74.49240822,0,Red
2024-01-02 08:33:00,2,978,58.494114,645,1,5,Rainy,27.62425835,50.12953236,0,Yellow
2024-01-02 08:34:00,4,877,21.53418795,81,13,24,Cloudy,19.00329219,51.77632675,1,Green
2024-01-02 08:35:00,4,778,67.27820802,893,0,23,Cloudy,11.13661568,60.38976577,0,Yellow
2024-01-02 08:36:00,4,681,74.19488631,339,89,24,Windy,13.94567453,51.65816482,0,Green
2024-01-02 08:37:00,1,955,36.04491671,121,57,15,Windy,13.4303703,77.00811309,0,Red
2024-01-02 08:38:00,4,224,68.74344345,448,88,15,Rainy,24.7279086,88.48421665,0,Yellow
2024-01-02 08:39:00,5,72,24.94435831,893,15,5,Rainy,32.45293959,65.07129093,0,Red
2024-01-02 08:40:00,2,774,55.9980715,741,78,36,Windy,29.82680083,56.76223966,0,Yellow
2024-01-02 08:41:00,3,966,49.13881192,274,89,20,Windy,23.66290113,43.36644842,0,Green
2024-01-02 08:42:00,5,284,52.755412,551,46,3,Rainy,20.55387912,69.20600515,0,Yellow
2024-01-02 08:43:00,5,62,75.57231211,589,43,33,Foggy,25.46691773,71.13461171,0,Red
2024-01-02 08:44:00,4,150,72.27891483,131,79,27,Rainy,21.09531852,71.11143642,0,Green
2024-01-02 08:45:00,1,978,67.10501943,332,13,37,Foggy,16.15247806,31.61910215,0,Yellow
2024-01-02 08:46:00,2,585,36.42190746,480,92,40,Foggy,26.97993638,83.94732604,0,Red
2024-01-02 08:47:00,1,925,74.70911772,727,23,27,Rainy,31.83109864,50.28639381,0,Red
2024-01-02 08:48:00,2,572,25.85046155,481,54,16,Sunny,19.32175827,74.64994575,0,Yellow
2024-01-02 08:49:00,2,834,71.19975299,884,14,13,Windy,31.03846169,75.58841443,0,Red
2024-01-02 08:50:00,1,501,39.68960434,111,82,6,Cloudy,20.77705116,69.03329873,0,Green
2024-01-02 08:51:00,5,480,23.2263387,71,71,21,Rainy,20.03339858,53.69199139,0,Yellow
2024-01-02 08:52:00,2,842,60.16141905,824,33,0,Foggy,10.70810894,66.50305301,0,Green
2024-01-02 08:53:00,1,655,33.8767957,539,1,28,Rainy,27.38197253,32.41192148,0,Red
2024-01-02 08:54:00,2,762,34.61426755,831,26,30,Windy,30.18756313,75.71374753,0,Red
2024-01-02 08:55:00,3,582,38.36282997,117,73,29,Foggy,26.58892299,35.9753189,0,Red
2024-01-02 08:56:00,5,901,23.82108605,255,98,14,Cloudy,13.78402378,53.80505555,0,Green
2024-01-02 08:57:00,4,772,30.62762865,393,86,17,Cloudy,12.58233669,36.21712726,0,Red
2024-01-02 08:58:00,2,701,20.30837766,600,71,34,Cloudy,24.32146879,80.22446675,1,Yellow
2024-01-02 08:59:00,3,342,46.72457127,576,91,49,Sunny,20.03790635,63.01814361,0,Yellow
2024-01-02 09:00:00,4,859,25.05532265,668,22,29,Foggy,20.72744459,71.45730721,0,Red
2024-01-02 09:01:00,4,962,60.9591563,253,67,33,Foggy,34.19500617,70.95493019,0,Yellow
2024-01-02 09:02:00,2,150,34.13737107,51,13,41,Sunny,28.09806678,80.4963739,0,Green
2024-01-02 09:03:00,1,551,76.61444864,308,62,10,Foggy,20.29469348,37.9541642,0,Green
2024-01-02 09:04:00,2,353,72.27509764,657,92,26,Sunny,10.477482,69.58368842,0,Red
2024-01-02 09:05:00,3,920,37.3664537,598,64,23,Rainy,10.85239245,64.50804326,0,Yellow
2024-01-02 09:06:00,4,589,66.99292728,561,67,34,Windy,27.12009239,31.85382735,0,Yellow
2024-01-02 09:07:00,2,602,68.19469428,133,62,38,Cloudy,30.94346899,42.08537453,0,Red
2024-01-02 09:08:00,1,404,79.19378685,223,95,7,Sunny,27.69256574,46.05429248,0,Green
2024-01-02 09:09:00,2,352,55.87039921,48,96,17,Sunny,20.14719382,34.35338253,0,Red
2024-01-02 09:10:00,5,545,24.91794408,662,89,12,Sunny,10.77839345,51.28318835,0,Yellow
2024-01-02 09:11:00,1,707,58.81023374,493,80,44,Rainy,34.18504076,31.63215052,0,Yellow
2024-01-02 09:12:00,3,817,57.4987849,716,86,23,Sunny,34.65840155,63.19100954,0,Red
2024-01-02 09:13:00,4,276,58.30103465,272,63,22,Windy,23.73411379,42.69005763,0,Green
2024-01-02 09:14:00,2,285,38.42873889,817,31,11,Windy,11.76677412,47.22018633,0,Green
2024-01-02 09:15:00,1,922,71.5807751,405,78,48,Cloudy,23.52431265,84.62829757,1,Red
2024-01-02 09:16:00,5,941,77.56833098,81,12,29,Rainy,32.30846176,60.16901095,1,Yellow
2024-01-02 09:17:00,1,504,33.06275078,534,65,30,Windy,26.99963775,46.14083587,0,Green
2024-01-02 09:18:00,5,62,25.28912949,449,18,27,Foggy,27.99973078,65.90770549,0,Red
2024-01-02 09:19:00,3,259,31.67210199,599,23,21,Foggy,12.12424594,42.10028609,0,Yellow
